Already up to date.
[main 1102ace] new data and log files (cluster - automated)
 5 files changed, 87 insertions(+), 83 deletions(-)
 create mode 100644 monnitor_heat.log
Already up to date.
[main df3288c] new data and log files (cluster - automated)
 5 files changed, 87 insertions(+), 83 deletions(-)
Already up to date.
Already up to date.
[main e8ac382] new data and log files (cluster - automated)
 5 files changed, 87 insertions(+), 83 deletions(-)
Already up to date.
Already up to date.
[main 1cad18d] new data and log files (cluster - automated)
 107 files changed, 534 insertions(+), 101 deletions(-)
Already up to date.
Already up to date.
[main 7a7f998] new data and log files (cluster - automated)
 5 files changed, 87 insertions(+), 83 deletions(-)
Already up to date.
Already up to date.
[main 3b9bdda] new data and log files (cluster - automated)
 5 files changed, 87 insertions(+), 83 deletions(-)
Already up to date.
Already up to date.
[main 9506733] new data and log files (cluster - automated)
 5 files changed, 87 insertions(+), 83 deletions(-)
Already up to date.
Already up to date.
[main be4b643] new data and log files (cluster - automated)
 5 files changed, 87 insertions(+), 83 deletions(-)
Already up to date.
Already up to date.
[main 811f235] new data and log files (cluster - automated)
 5 files changed, 87 insertions(+), 83 deletions(-)
Already up to date.
Already up to date.
[main 20ccd50] new data and log files (cluster - automated)
 110 files changed, 446 insertions(+), 495 deletions(-)
Already up to date.
Already up to date.
[main 51b07fc] new data and log files (cluster - automated)
 91 files changed, 505 insertions(+), 357 deletions(-)
Already up to date.
Already up to date.
[main bb2b082] new data and log files (cluster - automated)
 5 files changed, 87 insertions(+), 83 deletions(-)
Already up to date.
Already up to date.
[main ae870c3] new data and log files (cluster - automated)
 5 files changed, 87 insertions(+), 83 deletions(-)
Already up to date.
Already up to date.
[main ac4eeb1] new data and log files (cluster - automated)
 5 files changed, 87 insertions(+), 83 deletions(-)
Already up to date.
Already up to date.
[main 014ee2c] new data and log files (cluster - automated)
 5 files changed, 87 insertions(+), 83 deletions(-)
Already up to date.
Already up to date.
[main c38d5e8] new data and log files (cluster - automated)
 107 files changed, 965 insertions(+), 346 deletions(-)
Already up to date.
Already up to date.
[main cbe3c15] new data and log files (cluster - automated)
 5 files changed, 87 insertions(+), 83 deletions(-)
Already up to date.
Already up to date.
[main baf6e4c] new data and log files (cluster - automated)
 5 files changed, 87 insertions(+), 83 deletions(-)
Already up to date.
Already up to date.
[main b3bcde4] new data and log files (cluster - automated)
 110 files changed, 445 insertions(+), 486 deletions(-)
Already up to date.
Already up to date.
[main be64a27] new data and log files (cluster - automated)
 5 files changed, 87 insertions(+), 83 deletions(-)
Already up to date.
Already up to date.
[main 61a1879] new data and log files (cluster - automated)
 5 files changed, 87 insertions(+), 83 deletions(-)
Already up to date.
Already up to date.
[main a78fea3] new data and log files (cluster - automated)
 107 files changed, 649 insertions(+), 245 deletions(-)
Already up to date.
Already up to date.
[main dc98cb7] new data and log files (cluster - automated)
 5 files changed, 87 insertions(+), 83 deletions(-)
Already up to date.
Already up to date.
[main 3f8a32e] new data and log files (cluster - automated)
 5 files changed, 87 insertions(+), 83 deletions(-)
Already up to date.
Already up to date.
[main 1380203] new data and log files (cluster - automated)
 5 files changed, 87 insertions(+), 83 deletions(-)
Already up to date.
Already up to date.
[main 0703947] new data and log files (cluster - automated)
 5 files changed, 87 insertions(+), 83 deletions(-)
Already up to date.
Already up to date.
[main 2dbc65d] new data and log files (cluster - automated)
 5 files changed, 87 insertions(+), 83 deletions(-)
Already up to date.
Already up to date.
[main 9c77e88] new data and log files (cluster - automated)
 107 files changed, 1601 insertions(+), 343 deletions(-)
Already up to date.
Already up to date.
[main d6ca132] new data and log files (cluster - automated)
 5 files changed, 87 insertions(+), 83 deletions(-)
Already up to date.
Already up to date.
[main 4f9a529] new data and log files (cluster - automated)
 5 files changed, 87 insertions(+), 83 deletions(-)
Already up to date.
Already up to date.
[main 241c477] new data and log files (cluster - automated)
 5 files changed, 87 insertions(+), 83 deletions(-)
Already up to date.
Already up to date.
[main f76a214] new data and log files (cluster - automated)
 5 files changed, 87 insertions(+), 83 deletions(-)
Already up to date.
Already up to date.
[main ac7d814] new data and log files (cluster - automated)
 5 files changed, 87 insertions(+), 83 deletions(-)
Already up to date.
Already up to date.
[main 1b89072] new data and log files (cluster - automated)
 107 files changed, 695 insertions(+), 451 deletions(-)
Already up to date.
Already up to date.
[main 96ffe62] new data and log files (cluster - automated)
 102 files changed, 97 insertions(+), 93 deletions(-)
Already up to date.
Already up to date.
[main 005f4a1] new data and log files (cluster - automated)
 5 files changed, 87 insertions(+), 83 deletions(-)
Already up to date.
Already up to date.
[main b3483e0] new data and log files (cluster - automated)
 5 files changed, 87 insertions(+), 83 deletions(-)
Already up to date.
Already up to date.
[main 92f035a] new data and log files (cluster - automated)
 5 files changed, 87 insertions(+), 83 deletions(-)
Already up to date.
Already up to date.
[main f1c3f93] new data and log files (cluster - automated)
 5 files changed, 87 insertions(+), 83 deletions(-)
Already up to date.
Already up to date.
[main bab1685] new data and log files (cluster - automated)
 107 files changed, 376 insertions(+), 266 deletions(-)
Already up to date.
Already up to date.
[main b8c8a76] new data and log files (cluster - automated)
 101 files changed, 415 insertions(+), 459 deletions(-)
Already up to date.
Already up to date.
[main 546a954] new data and log files (cluster - automated)
 5 files changed, 87 insertions(+), 83 deletions(-)
Already up to date.
Already up to date.
[main 938e2cd] new data and log files (cluster - automated)
 5 files changed, 87 insertions(+), 83 deletions(-)
Already up to date.
Already up to date.
[main 59dedfe] new data and log files (cluster - automated)
 5 files changed, 87 insertions(+), 83 deletions(-)
Already up to date.
Already up to date.
[main ca7d7fd] new data and log files (cluster - automated)
 5 files changed, 87 insertions(+), 83 deletions(-)
Already up to date.
Already up to date.
[main 59dfb19] new data and log files (cluster - automated)
 107 files changed, 248 insertions(+), 180 deletions(-)
Already up to date.
Already up to date.
[main d251ed6] new data and log files (cluster - automated)
 101 files changed, 93 insertions(+), 89 deletions(-)
Already up to date.
Already up to date.
[main a8de8ef] new data and log files (cluster - automated)
 5 files changed, 87 insertions(+), 83 deletions(-)
Already up to date.
Already up to date.
[main 19134bd] new data and log files (cluster - automated)
 5 files changed, 87 insertions(+), 83 deletions(-)
Already up to date.
Already up to date.
[main 719239c] new data and log files (cluster - automated)
 5 files changed, 87 insertions(+), 83 deletions(-)
Already up to date.
Already up to date.
[main fc6e2da] new data and log files (cluster - automated)
 5 files changed, 87 insertions(+), 83 deletions(-)
Already up to date.
Already up to date.
[main 71ee8d7] new data and log files (cluster - automated)
 107 files changed, 309 insertions(+), 193 deletions(-)
Already up to date.
Already up to date.
[main 8f8d7ce] new data and log files (cluster - automated)
 5 files changed, 87 insertions(+), 83 deletions(-)
Already up to date.
Already up to date.
[main 48c4a74] new data and log files (cluster - automated)
 5 files changed, 87 insertions(+), 83 deletions(-)
Already up to date.
Already up to date.
[main 26bcc77] new data and log files (cluster - automated)
 5 files changed, 87 insertions(+), 83 deletions(-)
Already up to date.
Already up to date.
[main fa5eb98] new data and log files (cluster - automated)
 5 files changed, 87 insertions(+), 83 deletions(-)
Already up to date.
Already up to date.
[main bf2df88] new data and log files (cluster - automated)
 5 files changed, 87 insertions(+), 83 deletions(-)
Already up to date.
Already up to date.
[main 69b5de2] new data and log files (cluster - automated)
 107 files changed, 455 insertions(+), 339 deletions(-)
Already up to date.
Already up to date.
[main 1705704] new data and log files (cluster - automated)
 5 files changed, 87 insertions(+), 83 deletions(-)
Already up to date.
Already up to date.
[main e6a9acd] new data and log files (cluster - automated)
 5 files changed, 87 insertions(+), 83 deletions(-)
Already up to date.
Already up to date.
[main 732d8b1] new data and log files (cluster - automated)
 5 files changed, 87 insertions(+), 83 deletions(-)
Already up to date.
Already up to date.
[main f479704] new data and log files (cluster - automated)
 5 files changed, 87 insertions(+), 83 deletions(-)
Already up to date.
Already up to date.
[main 91b5324] new data and log files (cluster - automated)
 5 files changed, 87 insertions(+), 83 deletions(-)
Already up to date.
Already up to date.
[main 82e91818] new data and log files (cluster - automated)
 107 files changed, 374 insertions(+), 130 deletions(-)
Already up to date.
Already up to date.
[main 0f56328e] new data and log files (cluster - automated)
 5 files changed, 87 insertions(+), 83 deletions(-)
Already up to date.
Already up to date.
[main 2a2fb78d] new data and log files (cluster - automated)
 5 files changed, 87 insertions(+), 83 deletions(-)
Already up to date.
Already up to date.
[main 9250696e] new data and log files (cluster - automated)
 5 files changed, 87 insertions(+), 83 deletions(-)
Already up to date.
Already up to date.
[main 0cdd1c7b] new data and log files (cluster - automated)
 5 files changed, 87 insertions(+), 83 deletions(-)
Already up to date.
Already up to date.
[main 56b6439f] new data and log files (cluster - automated)
 5 files changed, 87 insertions(+), 83 deletions(-)
Already up to date.
Already up to date.
[main 10a804b6] new data and log files (cluster - automated)
 107 files changed, 389 insertions(+), 241 deletions(-)
Already up to date.
Already up to date.
[main 8f8dbab8] new data and log files (cluster - automated)
 5 files changed, 87 insertions(+), 83 deletions(-)
Already up to date.
Already up to date.
[main db0858c1] new data and log files (cluster - automated)
 5 files changed, 87 insertions(+), 83 deletions(-)
Already up to date.
Already up to date.
[main 2d5a4026] new data and log files (cluster - automated)
 5 files changed, 87 insertions(+), 83 deletions(-)
Already up to date.
Already up to date.
[main a3d7bfe3] new data and log files (cluster - automated)
 5 files changed, 87 insertions(+), 83 deletions(-)
Already up to date.
Already up to date.
[main 35dcc9b8] new data and log files (cluster - automated)
 5 files changed, 87 insertions(+), 83 deletions(-)
Already up to date.
Already up to date.
[main dd2be649] new data and log files (cluster - automated)
 102 files changed, 99 insertions(+), 95 deletions(-)
Already up to date.
Already up to date.
[main b4ba89cf] new data and log files (cluster - automated)
 5 files changed, 87 insertions(+), 83 deletions(-)
Already up to date.
Already up to date.
[main 8f20d3ba] new data and log files (cluster - automated)
 5 files changed, 93 insertions(+), 654 deletions(-)
Already up to date.
Already up to date.
[main 9abb83c5] new data and log files (cluster - automated)
 4 files changed, 86 insertions(+), 82 deletions(-)
Already up to date.
Already up to date.
[main 688e03a1] new data and log files (cluster - automated)
 4 files changed, 86 insertions(+), 82 deletions(-)
Already up to date.
Already up to date.
[main 30dae0e2] new data and log files (cluster - automated)
 4 files changed, 86 insertions(+), 82 deletions(-)
Already up to date.
Already up to date.
[main e86c5a5d] new data and log files (cluster - automated)
 4 files changed, 87 insertions(+), 83 deletions(-)
Already up to date.
Already up to date.
[main 5668501f] new data and log files (cluster - automated)
 4 files changed, 86 insertions(+), 82 deletions(-)
Already up to date.
Already up to date.
[main 0a3f928a] new data and log files (cluster - automated)
 4 files changed, 86 insertions(+), 82 deletions(-)
Already up to date.
Already up to date.
[main 510373ef] new data and log files (cluster - automated)
 4 files changed, 86 insertions(+), 82 deletions(-)
Already up to date.
Already up to date.
[main 472887a8] new data and log files (cluster - automated)
 4 files changed, 86 insertions(+), 82 deletions(-)
Already up to date.
Already up to date.
[main 9768eed2] new data and log files (cluster - automated)
 4 files changed, 86 insertions(+), 82 deletions(-)
Already up to date.
Already up to date.
[main 198d2202] new data and log files (cluster - automated)
 4 files changed, 87 insertions(+), 83 deletions(-)
Already up to date.
Already up to date.
[main 37061cd5] new data and log files (cluster - automated)
 4 files changed, 86 insertions(+), 82 deletions(-)
Already up to date.
Already up to date.
[main 0d88db4d] new data and log files (cluster - automated)
 4 files changed, 86 insertions(+), 82 deletions(-)
Already up to date.
Already up to date.
[main 6a226478] new data and log files (cluster - automated)
 4 files changed, 86 insertions(+), 82 deletions(-)
Already up to date.
Already up to date.
[main 119af319] new data and log files (cluster - automated)
 4 files changed, 86 insertions(+), 82 deletions(-)
Already up to date.
Already up to date.
[main ff310cbd] new data and log files (cluster - automated)
 4 files changed, 86 insertions(+), 82 deletions(-)
Already up to date.
Already up to date.
[main 6703a52a] new data and log files (cluster - automated)
 4 files changed, 87 insertions(+), 83 deletions(-)
Already up to date.
Already up to date.
[main b51bc9a7] new data and log files (cluster - automated)
 4 files changed, 86 insertions(+), 82 deletions(-)
Already up to date.
Already up to date.
[main da3debce] new data and log files (cluster - automated)
 4 files changed, 86 insertions(+), 82 deletions(-)
Already up to date.
Already up to date.
[main ac7ff91f] new data and log files (cluster - automated)
 4 files changed, 86 insertions(+), 82 deletions(-)
Already up to date.
Already up to date.
[main 97943bcb] new data and log files (cluster - automated)
 4 files changed, 86 insertions(+), 82 deletions(-)
Already up to date.
Already up to date.
[main af6fc6a2] new data and log files (cluster - automated)
 4 files changed, 86 insertions(+), 82 deletions(-)
Already up to date.
Already up to date.
[main 93416c08] new data and log files (cluster - automated)
 4 files changed, 87 insertions(+), 83 deletions(-)
Already up to date.
Already up to date.
[main 9a95728b] new data and log files (cluster - automated)
 4 files changed, 86 insertions(+), 82 deletions(-)
Already up to date.
Already up to date.
[main 0bc1a23d] new data and log files (cluster - automated)
 4 files changed, 86 insertions(+), 82 deletions(-)
Already up to date.
Already up to date.
[main c986c8f0] new data and log files (cluster - automated)
 4 files changed, 86 insertions(+), 82 deletions(-)
Already up to date.
Already up to date.
[main a675d8fd] new data and log files (cluster - automated)
 4 files changed, 86 insertions(+), 82 deletions(-)
Already up to date.
Already up to date.
[main 9300e7ce] new data and log files (cluster - automated)
 4 files changed, 86 insertions(+), 82 deletions(-)
Already up to date.
Already up to date.
[main ad1c1f3a] new data and log files (cluster - automated)
 4 files changed, 87 insertions(+), 83 deletions(-)
Already up to date.
Already up to date.
[main 81cffa52] new data and log files (cluster - automated)
 4 files changed, 86 insertions(+), 82 deletions(-)
Already up to date.
Already up to date.
[main b021705e] new data and log files (cluster - automated)
 4 files changed, 86 insertions(+), 82 deletions(-)
Already up to date.
Already up to date.
[main b532dc63] new data and log files (cluster - automated)
 4 files changed, 86 insertions(+), 82 deletions(-)
Already up to date.
Already up to date.
[main a7e7569c] new data and log files (cluster - automated)
 4 files changed, 86 insertions(+), 82 deletions(-)
Already up to date.
Already up to date.
[main 8d40009b] new data and log files (cluster - automated)
 4 files changed, 86 insertions(+), 82 deletions(-)
Already up to date.
Already up to date.
[main 7df1c36e] new data and log files (cluster - automated)
 4 files changed, 87 insertions(+), 83 deletions(-)
Already up to date.
Already up to date.
[main b2358bed] new data and log files (cluster - automated)
 4 files changed, 86 insertions(+), 82 deletions(-)
Already up to date.
Already up to date.
[main 6c7f7481] new data and log files (cluster - automated)
 4 files changed, 86 insertions(+), 82 deletions(-)
Already up to date.
Already up to date.
[main dea1b563] new data and log files (cluster - automated)
 4 files changed, 86 insertions(+), 82 deletions(-)
Already up to date.
Already up to date.
[main 463c6981] new data and log files (cluster - automated)
 4 files changed, 86 insertions(+), 82 deletions(-)
Already up to date.
Already up to date.
[main efb3453b] new data and log files (cluster - automated)
 4 files changed, 86 insertions(+), 82 deletions(-)
Already up to date.
Already up to date.
[main 69a4f5b0] new data and log files (cluster - automated)
 4 files changed, 87 insertions(+), 83 deletions(-)
Already up to date.
Already up to date.
[main e61f7dfe] new data and log files (cluster - automated)
 4 files changed, 86 insertions(+), 82 deletions(-)
Already up to date.
Already up to date.
[main e5c275ee] new data and log files (cluster - automated)
 4 files changed, 86 insertions(+), 82 deletions(-)
Already up to date.
Already up to date.
[main 88ed70bc] new data and log files (cluster - automated)
 4 files changed, 86 insertions(+), 82 deletions(-)
Already up to date.
Already up to date.
[main b751b705] new data and log files (cluster - automated)
 4 files changed, 86 insertions(+), 82 deletions(-)
Already up to date.
Already up to date.
[main a1dcb2a0] new data and log files (cluster - automated)
 4 files changed, 86 insertions(+), 82 deletions(-)
Already up to date.
Already up to date.
[main ab0bd44f] new data and log files (cluster - automated)
 4 files changed, 87 insertions(+), 83 deletions(-)
Already up to date.
Already up to date.
[main 8e92b90e] new data and log files (cluster - automated)
 4 files changed, 86 insertions(+), 82 deletions(-)
Already up to date.
Already up to date.
Already up to date.
[main ddc7d2f4] new data and log files (cluster - automated)
 5 files changed, 87 insertions(+), 83 deletions(-)
Already up to date.
Already up to date.
[main 83cf23a3] new data and log files (cluster - automated)
 5 files changed, 87 insertions(+), 83 deletions(-)
Already up to date.
Already up to date.
[main c463dab7] new data and log files (cluster - automated)
 5 files changed, 87 insertions(+), 83 deletions(-)
Already up to date.
Already up to date.
[main dc891dba] new data and log files (cluster - automated)
 5 files changed, 87 insertions(+), 83 deletions(-)
Already up to date.
Already up to date.
[main 5a858f2f] new data and log files (cluster - automated)
 107 files changed, 607 insertions(+), 425 deletions(-)
Already up to date.
Already up to date.
[main ccab8417] new data and log files (cluster - automated)
 26 files changed, 88 insertions(+), 84 deletions(-)
Already up to date.
Already up to date.
[main 91a97ee5] new data and log files (cluster - automated)
 5 files changed, 87 insertions(+), 83 deletions(-)
Already up to date.
Already up to date.
[main e83f871c] new data and log files (cluster - automated)
 5 files changed, 87 insertions(+), 83 deletions(-)
Already up to date.
Already up to date.
[main 1b9e07be] new data and log files (cluster - automated)
 5 files changed, 87 insertions(+), 83 deletions(-)
Already up to date.
Already up to date.
[main aecccae8] new data and log files (cluster - automated)
 5 files changed, 87 insertions(+), 83 deletions(-)
Already up to date.
Already up to date.
[main 3fcb3065] new data and log files (cluster - automated)
 107 files changed, 784 insertions(+), 500 deletions(-)
Already up to date.
Already up to date.
[main 990b77e1] new data and log files (cluster - automated)
 5 files changed, 87 insertions(+), 83 deletions(-)
Already up to date.
Already up to date.
[main c47a70ed] new data and log files (cluster - automated)
 5 files changed, 87 insertions(+), 83 deletions(-)
Already up to date.
Already up to date.
[main 6854a176] new data and log files (cluster - automated)
 5 files changed, 87 insertions(+), 83 deletions(-)
Already up to date.
Already up to date.
[main 23e425ea] new data and log files (cluster - automated)
 5 files changed, 87 insertions(+), 83 deletions(-)
Already up to date.
Already up to date.
[main 8bfb37e1] new data and log files (cluster - automated)
 5 files changed, 87 insertions(+), 83 deletions(-)
Already up to date.
Already up to date.
[main 5c6a87c3] new data and log files (cluster - automated)
 107 files changed, 722 insertions(+), 422 deletions(-)
Already up to date.
Already up to date.
[main 4b73b4cf] new data and log files (cluster - automated)
 5 files changed, 87 insertions(+), 83 deletions(-)
Already up to date.
Already up to date.
[main fce29c0d] new data and log files (cluster - automated)
 5 files changed, 87 insertions(+), 83 deletions(-)
Already up to date.
Already up to date.
[main c6612126] new data and log files (cluster - automated)
 5 files changed, 87 insertions(+), 83 deletions(-)
Already up to date.
Already up to date.
[main 5d7b3b50] new data and log files (cluster - automated)
 5 files changed, 87 insertions(+), 83 deletions(-)
Already up to date.
Already up to date.
[main 47a84163] new data and log files (cluster - automated)
 5 files changed, 87 insertions(+), 83 deletions(-)
Already up to date.
Already up to date.
[main 1fc14671] new data and log files (cluster - automated)
 106 files changed, 97 insertions(+), 93 deletions(-)
Already up to date.
Already up to date.
[main d44dafa2] new data and log files (cluster - automated)
 78 files changed, 90 insertions(+), 86 deletions(-)
Already up to date.
Already up to date.
[main 1201be26] new data and log files (cluster - automated)
 5 files changed, 87 insertions(+), 83 deletions(-)
Already up to date.
Already up to date.
[main 28a3c19a] new data and log files (cluster - automated)
 5 files changed, 87 insertions(+), 83 deletions(-)
Already up to date.
Already up to date.
[main c580fd99] new data and log files (cluster - automated)
 5 files changed, 87 insertions(+), 83 deletions(-)
Already up to date.
Already up to date.
[main 9ca128c4] new data and log files (cluster - automated)
 5 files changed, 87 insertions(+), 83 deletions(-)
Already up to date.
Already up to date.
[main 0ff697dd] new data and log files (cluster - automated)
 106 files changed, 99 insertions(+), 95 deletions(-)
Already up to date.
Already up to date.
[main d860f7dd] new data and log files (cluster - automated)
 89 files changed, 90 insertions(+), 86 deletions(-)
Already up to date.
Already up to date.
[main 395d0135] new data and log files (cluster - automated)
 5 files changed, 87 insertions(+), 83 deletions(-)
Already up to date.
Already up to date.
[main 1d45dff5] new data and log files (cluster - automated)
 5 files changed, 87 insertions(+), 83 deletions(-)
Already up to date.
Already up to date.
[main 8cadf566] new data and log files (cluster - automated)
 5 files changed, 87 insertions(+), 83 deletions(-)
Already up to date.
Already up to date.
[main 92889148] new data and log files (cluster - automated)
 5 files changed, 87 insertions(+), 83 deletions(-)
Already up to date.
Already up to date.
[main c43addbe] new data and log files (cluster - automated)
 107 files changed, 99 insertions(+), 95 deletions(-)
Already up to date.
Already up to date.
[main d86c6ead] new data and log files (cluster - automated)
 5 files changed, 87 insertions(+), 83 deletions(-)
Already up to date.
Already up to date.
[main 5ed40307] new data and log files (cluster - automated)
 5 files changed, 87 insertions(+), 83 deletions(-)
Already up to date.
Already up to date.
[main 3f7a06a9] new data and log files (cluster - automated)
 5 files changed, 87 insertions(+), 83 deletions(-)
Already up to date.
Already up to date.
[main cc0c0d01] new data and log files (cluster - automated)
 5 files changed, 87 insertions(+), 83 deletions(-)
Already up to date.
Already up to date.
[main 16eaff74] new data and log files (cluster - automated)
 5 files changed, 87 insertions(+), 83 deletions(-)
Already up to date.
Already up to date.
[main 77f0791c] new data and log files (cluster - automated)
 107 files changed, 130 insertions(+), 94 deletions(-)
Already up to date.
Already up to date.
[main 791007a5] new data and log files (cluster - automated)
 87 files changed, 88 insertions(+), 84 deletions(-)
Already up to date.
Already up to date.
[main 0f9ab51a] new data and log files (cluster - automated)
 5 files changed, 87 insertions(+), 83 deletions(-)
Already up to date.
Already up to date.
[main 2ae75b39] new data and log files (cluster - automated)
 5 files changed, 87 insertions(+), 83 deletions(-)
Already up to date.
Already up to date.
[main a5db5eef] new data and log files (cluster - automated)
 5 files changed, 87 insertions(+), 83 deletions(-)
Already up to date.
Already up to date.
[main 5ea51bed] new data and log files (cluster - automated)
 5 files changed, 87 insertions(+), 83 deletions(-)
Already up to date.
Already up to date.
[main b9458252] new data and log files (cluster - automated)
 106 files changed, 98 insertions(+), 94 deletions(-)
Already up to date.
Already up to date.
[main d72c86cc] new data and log files (cluster - automated)
 5 files changed, 87 insertions(+), 83 deletions(-)
Already up to date.
Already up to date.
[main fa55f4d1] new data and log files (cluster - automated)
 5 files changed, 87 insertions(+), 83 deletions(-)
Already up to date.
Already up to date.
[main 61335400] new data and log files (cluster - automated)
 5 files changed, 87 insertions(+), 83 deletions(-)
Already up to date.
Already up to date.
[main 741ae6bd] new data and log files (cluster - automated)
 5 files changed, 87 insertions(+), 83 deletions(-)
Already up to date.
Already up to date.
[main e118589b] new data and log files (cluster - automated)
 5 files changed, 87 insertions(+), 83 deletions(-)
Already up to date.
Already up to date.
[main 09058bef] new data and log files (cluster - automated)
 106 files changed, 99 insertions(+), 95 deletions(-)
Already up to date.
Already up to date.
[main 89b28571] new data and log files (cluster - automated)
 79 files changed, 90 insertions(+), 86 deletions(-)
Already up to date.
Already up to date.
[main e3df1af7] new data and log files (cluster - automated)
 5 files changed, 87 insertions(+), 83 deletions(-)
Already up to date.
Already up to date.
[main c57a6597] new data and log files (cluster - automated)
 5 files changed, 87 insertions(+), 83 deletions(-)
Already up to date.
Already up to date.
[main ed500468] new data and log files (cluster - automated)
 5 files changed, 87 insertions(+), 83 deletions(-)
Already up to date.
Already up to date.
[main e7455c07] new data and log files (cluster - automated)
 107 files changed, 89 insertions(+), 141 deletions(-)
Already up to date.
Already up to date.
[main 15813949] new data and log files (cluster - automated)
 107 files changed, 134 insertions(+), 90 deletions(-)
Already up to date.
Already up to date.
[main 4fa28414] new data and log files (cluster - automated)
 5 files changed, 87 insertions(+), 83 deletions(-)
Already up to date.
Already up to date.
[main de74e6ac] new data and log files (cluster - automated)
 5 files changed, 87 insertions(+), 83 deletions(-)
Already up to date.
Already up to date.
[main 70cb20c6] new data and log files (cluster - automated)
 5 files changed, 87 insertions(+), 83 deletions(-)
Already up to date.
Already up to date.
[main 70eed308] new data and log files (cluster - automated)
 5 files changed, 87 insertions(+), 83 deletions(-)
Already up to date.
Already up to date.
[main c849e350] new data and log files (cluster - automated)
 5 files changed, 87 insertions(+), 83 deletions(-)
Already up to date.
Already up to date.
[main b02030cd] new data and log files (cluster - automated)
 107 files changed, 133 insertions(+), 89 deletions(-)
Already up to date.
Already up to date.
[main 7377f302] new data and log files (cluster - automated)
 5 files changed, 87 insertions(+), 83 deletions(-)
Already up to date.
Already up to date.
[main cc55affa] new data and log files (cluster - automated)
 5 files changed, 87 insertions(+), 83 deletions(-)
Already up to date.
Already up to date.
[main 3906aaf5] new data and log files (cluster - automated)
 5 files changed, 87 insertions(+), 83 deletions(-)
Already up to date.
Already up to date.
[main fbdc0802] new data and log files (cluster - automated)
 5 files changed, 87 insertions(+), 83 deletions(-)
Already up to date.
Already up to date.
[main da118fde] new data and log files (cluster - automated)
 5 files changed, 87 insertions(+), 83 deletions(-)
Already up to date.
Already up to date.
[main 370d80cf] new data and log files (cluster - automated)
 107 files changed, 356 insertions(+), 280 deletions(-)
Already up to date.
Already up to date.
[main c35674c7] new data and log files (cluster - automated)
 5 files changed, 87 insertions(+), 83 deletions(-)
Already up to date.
Already up to date.
[main 1cb8238e] new data and log files (cluster - automated)
 5 files changed, 87 insertions(+), 83 deletions(-)
Already up to date.
Already up to date.
[main 1d6ce8a9] new data and log files (cluster - automated)
 5 files changed, 87 insertions(+), 83 deletions(-)
Already up to date.
Already up to date.
[main ad2b2d50] new data and log files (cluster - automated)
 5 files changed, 87 insertions(+), 83 deletions(-)
Already up to date.
Already up to date.
[main aaa6a739] new data and log files (cluster - automated)
 5 files changed, 87 insertions(+), 83 deletions(-)
Already up to date.
Already up to date.
[main 568ac4c1] new data and log files (cluster - automated)
 107 files changed, 98 insertions(+), 94 deletions(-)
Already up to date.
Already up to date.
[main 3d214f7e] new data and log files (cluster - automated)
 27 files changed, 376 insertions(+), 276 deletions(-)
Already up to date.
Already up to date.
[main d00a0149] new data and log files (cluster - automated)
 5 files changed, 87 insertions(+), 83 deletions(-)
Already up to date.
Already up to date.
[main a70e4e78] new data and log files (cluster - automated)
 5 files changed, 87 insertions(+), 83 deletions(-)
Already up to date.
Already up to date.
[main 73721bd2] new data and log files (cluster - automated)
 5 files changed, 87 insertions(+), 83 deletions(-)
Already up to date.
Already up to date.
[main 1347e1aa] new data and log files (cluster - automated)
 5 files changed, 87 insertions(+), 83 deletions(-)
Already up to date.
Already up to date.
[main cb8a169b] new data and log files (cluster - automated)
 106 files changed, 100 insertions(+), 96 deletions(-)
Already up to date.
Already up to date.
[main 752834da] new data and log files (cluster - automated)
 5 files changed, 87 insertions(+), 83 deletions(-)
Already up to date.
Already up to date.
[main f7926920] new data and log files (cluster - automated)
 73 files changed, 138 insertions(+), 86 deletions(-)
Already up to date.
Already up to date.
[main 296a8ff9] new data and log files (cluster - automated)
 5 files changed, 87 insertions(+), 83 deletions(-)
Already up to date.
Already up to date.
[main 714d68eb] new data and log files (cluster - automated)
 5 files changed, 87 insertions(+), 83 deletions(-)
Already up to date.
Already up to date.
[main 4595048a] new data and log files (cluster - automated)
 5 files changed, 87 insertions(+), 83 deletions(-)
Already up to date.
Already up to date.
[main 94dab570] new data and log files (cluster - automated)
 107 files changed, 116 insertions(+), 96 deletions(-)
Already up to date.
Already up to date.
[main 23d1de25] new data and log files (cluster - automated)
 77 files changed, 89 insertions(+), 85 deletions(-)
Already up to date.
Already up to date.
[main 5ffcb96e] new data and log files (cluster - automated)
 5 files changed, 87 insertions(+), 83 deletions(-)
Already up to date.
Already up to date.
[main b4f45bf9] new data and log files (cluster - automated)
 5 files changed, 87 insertions(+), 83 deletions(-)
Already up to date.
Already up to date.
[main dfcab121] new data and log files (cluster - automated)
 5 files changed, 87 insertions(+), 83 deletions(-)
Already up to date.
Already up to date.
[main cebf9b09] new data and log files (cluster - automated)
 5 files changed, 87 insertions(+), 83 deletions(-)
Already up to date.
Already up to date.
[main fc79284b] new data and log files (cluster - automated)
 102 files changed, 375 insertions(+), 253 deletions(-)
Already up to date.
Already up to date.
[main df1a8863] new data and log files (cluster - automated)
 5 files changed, 87 insertions(+), 83 deletions(-)
Already up to date.
Already up to date.
[main 99778479] new data and log files (cluster - automated)
 5 files changed, 87 insertions(+), 83 deletions(-)
Already up to date.
Already up to date.
[main d733160d] new data and log files (cluster - automated)
 5 files changed, 87 insertions(+), 83 deletions(-)
Already up to date.
Already up to date.
[main 2e352533] new data and log files (cluster - automated)
 5 files changed, 87 insertions(+), 83 deletions(-)
Already up to date.
Already up to date.
[main 9cc1899d] new data and log files (cluster - automated)
 5 files changed, 87 insertions(+), 83 deletions(-)
Already up to date.
Already up to date.
[main 1392b2f4] new data and log files (cluster - automated)
 107 files changed, 409 insertions(+), 251 deletions(-)
Already up to date.
Already up to date.
[main 92046d38] new data and log files (cluster - automated)
 72 files changed, 91 insertions(+), 87 deletions(-)
Already up to date.
Already up to date.
[main 1b71c778] new data and log files (cluster - automated)
 5 files changed, 87 insertions(+), 83 deletions(-)
Already up to date.
Already up to date.
[main 78ae84a9] new data and log files (cluster - automated)
 5 files changed, 87 insertions(+), 83 deletions(-)
Already up to date.
Already up to date.
[main 05eabdfb] new data and log files (cluster - automated)
 5 files changed, 87 insertions(+), 83 deletions(-)
Already up to date.
Already up to date.
[main ac774072] new data and log files (cluster - automated)
 5 files changed, 87 insertions(+), 83 deletions(-)
Already up to date.
Already up to date.
[main 6e571ccd] new data and log files (cluster - automated)
 107 files changed, 532 insertions(+), 416 deletions(-)
Already up to date.
Already up to date.
[main 4d56ab46] new data and log files (cluster - automated)
 5 files changed, 87 insertions(+), 83 deletions(-)
Already up to date.
Already up to date.
[main 6add1f37] new data and log files (cluster - automated)
 5 files changed, 87 insertions(+), 83 deletions(-)
Already up to date.
Already up to date.
[main beeb2dc4] new data and log files (cluster - automated)
 5 files changed, 87 insertions(+), 83 deletions(-)
Already up to date.
Already up to date.
[main d5328123] new data and log files (cluster - automated)
 5 files changed, 87 insertions(+), 83 deletions(-)
Already up to date.
Already up to date.
[main 87e3c45e] new data and log files (cluster - automated)
 5 files changed, 87 insertions(+), 83 deletions(-)
Already up to date.
Already up to date.
[main a822d52d] new data and log files (cluster - automated)
 96 files changed, 100 insertions(+), 96 deletions(-)
Already up to date.
Already up to date.
[main 44c7ff67] new data and log files (cluster - automated)
 26 files changed, 88 insertions(+), 84 deletions(-)
Already up to date.
Already up to date.
[main 376e1654] new data and log files (cluster - automated)
 90 files changed, 93 insertions(+), 89 deletions(-)
Already up to date.
Already up to date.
[main 2d3d4924] new data and log files (cluster - automated)
 5 files changed, 87 insertions(+), 83 deletions(-)
Already up to date.
Already up to date.
[main 5906a25b] new data and log files (cluster - automated)
 5 files changed, 87 insertions(+), 83 deletions(-)
Already up to date.
Already up to date.
[main 9082102a] new data and log files (cluster - automated)
 5 files changed, 87 insertions(+), 83 deletions(-)
Already up to date.
Already up to date.
[main e3203f2b] new data and log files (cluster - automated)
 102 files changed, 135 insertions(+), 99 deletions(-)
Already up to date.
Already up to date.
[main 76476567] new data and log files (cluster - automated)
 5 files changed, 87 insertions(+), 83 deletions(-)
Already up to date.
Already up to date.
[main d9a1152b] new data and log files (cluster - automated)
 5 files changed, 87 insertions(+), 83 deletions(-)
Already up to date.
Already up to date.
[main 5b6a7802] new data and log files (cluster - automated)
 5 files changed, 87 insertions(+), 83 deletions(-)
Already up to date.
Already up to date.
[main 7522056d] new data and log files (cluster - automated)
 5 files changed, 87 insertions(+), 83 deletions(-)
Already up to date.
Already up to date.
[main bfee9603] new data and log files (cluster - automated)
 5 files changed, 87 insertions(+), 83 deletions(-)
Already up to date.
Already up to date.
[main c37f5cf0] new data and log files (cluster - automated)
 103 files changed, 464 insertions(+), 380 deletions(-)
Already up to date.
Already up to date.
[main e72ab6f4] new data and log files (cluster - automated)
 5 files changed, 87 insertions(+), 83 deletions(-)
Already up to date.
Already up to date.
[main 8fbaba445] new data and log files (cluster - automated)
 5 files changed, 87 insertions(+), 83 deletions(-)
Already up to date.
Already up to date.
[main ae6ceff5a] new data and log files (cluster - automated)
 5 files changed, 87 insertions(+), 83 deletions(-)
Already up to date.
Already up to date.
[main dcd01357a] new data and log files (cluster - automated)
 5 files changed, 87 insertions(+), 83 deletions(-)
Already up to date.
Already up to date.
[main 8013233bc] new data and log files (cluster - automated)
 5 files changed, 87 insertions(+), 83 deletions(-)
Already up to date.
Already up to date.
[main d357dbc3c] new data and log files (cluster - automated)
 97 files changed, 496 insertions(+), 268 deletions(-)
Already up to date.
Already up to date.
[main a11f5e910] new data and log files (cluster - automated)
 74 files changed, 91 insertions(+), 87 deletions(-)
Already up to date.
Already up to date.
[main 0d2c2c47f] new data and log files (cluster - automated)
 5 files changed, 87 insertions(+), 83 deletions(-)
Already up to date.
Already up to date.
[main 5d0ab906f] new data and log files (cluster - automated)
 5 files changed, 87 insertions(+), 83 deletions(-)
Already up to date.
Already up to date.
[main 3bf1e60b6] new data and log files (cluster - automated)
 5 files changed, 87 insertions(+), 83 deletions(-)
Already up to date.
Already up to date.
[main d9c94e181] new data and log files (cluster - automated)
 5 files changed, 87 insertions(+), 83 deletions(-)
Already up to date.
Already up to date.
[main 72a9ccac3] new data and log files (cluster - automated)
 107 files changed, 1112 insertions(+), 676 deletions(-)
Already up to date.
Already up to date.
[main 23b7c8e5f] new data and log files (cluster - automated)
 5 files changed, 87 insertions(+), 83 deletions(-)
Already up to date.
Already up to date.
[main 101dc72a6] new data and log files (cluster - automated)
 5 files changed, 87 insertions(+), 83 deletions(-)
Already up to date.
Already up to date.
[main 266607173] new data and log files (cluster - automated)
 5 files changed, 87 insertions(+), 83 deletions(-)
Already up to date.
Already up to date.
[main 2ecd67542] new data and log files (cluster - automated)
 5 files changed, 87 insertions(+), 83 deletions(-)
Already up to date.
Already up to date.
[main f0603f20e] new data and log files (cluster - automated)
 5 files changed, 87 insertions(+), 83 deletions(-)
Already up to date.
Already up to date.
[main fddeb7cb3] new data and log files (cluster - automated)
 107 files changed, 1366 insertions(+), 530 deletions(-)
Already up to date.
Already up to date.
[main 138fc7db6] new data and log files (cluster - automated)
 5 files changed, 87 insertions(+), 83 deletions(-)
Already up to date.
Already up to date.
[main a2ce7608b] new data and log files (cluster - automated)
 5 files changed, 87 insertions(+), 83 deletions(-)
Already up to date.
Already up to date.
[main 96d118cf3] new data and log files (cluster - automated)
 5 files changed, 87 insertions(+), 83 deletions(-)
Already up to date.
Already up to date.
[main 7cce8378e] new data and log files (cluster - automated)
 5 files changed, 87 insertions(+), 83 deletions(-)
Already up to date.
Already up to date.
[main d8271f3bd] new data and log files (cluster - automated)
 5 files changed, 87 insertions(+), 83 deletions(-)
Already up to date.
Already up to date.
[main 33874ad2c] new data and log files (cluster - automated)
 107 files changed, 1181 insertions(+), 617 deletions(-)
Already up to date.
Already up to date.
[main 22af89122] new data and log files (cluster - automated)
 102 files changed, 438 insertions(+), 98 deletions(-)
Already up to date.
Already up to date.
[main 1a0fccfe1] new data and log files (cluster - automated)
 5 files changed, 87 insertions(+), 83 deletions(-)
Already up to date.
Already up to date.
[main cdc579ae6] new data and log files (cluster - automated)
 5 files changed, 87 insertions(+), 83 deletions(-)
Already up to date.
Already up to date.
[main 53f0e4ec8] new data and log files (cluster - automated)
 5 files changed, 87 insertions(+), 83 deletions(-)
Already up to date.
Already up to date.
[main 8083c994c] new data and log files (cluster - automated)
 5 files changed, 87 insertions(+), 83 deletions(-)
Already up to date.
Already up to date.
[main 4b17bf3d2] new data and log files (cluster - automated)
 107 files changed, 1203 insertions(+), 639 deletions(-)
Already up to date.
Already up to date.
[main 89faffa69] new data and log files (cluster - automated)
 5 files changed, 87 insertions(+), 83 deletions(-)
Already up to date.
Already up to date.
[main 85139e9f0] new data and log files (cluster - automated)
 5 files changed, 87 insertions(+), 83 deletions(-)
Already up to date.
Already up to date.
[main 721d1d0a6] new data and log files (cluster - automated)
 5 files changed, 87 insertions(+), 83 deletions(-)
Already up to date.
Already up to date.
[main 5859e2881] new data and log files (cluster - automated)
 5 files changed, 87 insertions(+), 83 deletions(-)
Already up to date.
Already up to date.
[main 86e5d1018] new data and log files (cluster - automated)
 5 files changed, 87 insertions(+), 83 deletions(-)
Already up to date.
Already up to date.
[main b8e3ca8f2] new data and log files (cluster - automated)
 107 files changed, 903 insertions(+), 755 deletions(-)
Already up to date.
Already up to date.
[main 08385c50b] new data and log files (cluster - automated)
 27 files changed, 777 insertions(+), 645 deletions(-)
Already up to date.
Already up to date.
[main 78e2db5a2] new data and log files (cluster - automated)
 5 files changed, 87 insertions(+), 83 deletions(-)
Already up to date.
Already up to date.
[main 7dd0f5581] new data and log files (cluster - automated)
 5 files changed, 87 insertions(+), 83 deletions(-)
Already up to date.
Already up to date.
[main 802c24d1d] new data and log files (cluster - automated)
 5 files changed, 87 insertions(+), 83 deletions(-)
Already up to date.
Already up to date.
[main 637041d95] new data and log files (cluster - automated)
 5 files changed, 87 insertions(+), 83 deletions(-)
Already up to date.
Already up to date.
[main b994042cc] new data and log files (cluster - automated)
 104 files changed, 918 insertions(+), 562 deletions(-)
Already up to date.
Already up to date.
[main 003d87742] new data and log files (cluster - automated)
 5 files changed, 87 insertions(+), 83 deletions(-)
Already up to date.
Already up to date.
[main 175e82611] new data and log files (cluster - automated)
 5 files changed, 87 insertions(+), 83 deletions(-)
Already up to date.
Already up to date.
[main 45ac40135] new data and log files (cluster - automated)
 5 files changed, 87 insertions(+), 83 deletions(-)
Already up to date.
Already up to date.
[main 2c15bcd92] new data and log files (cluster - automated)
 5 files changed, 691 insertions(+), 697 deletions(-)
 create mode 100644 index.rmarkdown
Already up to date.
Already up to date.
[main 08fc5114c] new data and log files (cluster - automated)
 3 files changed, 14 insertions(+)
Already up to date.
Already up to date.
[main 3801a11f7] new data and log files (cluster - automated)
 2 files changed, 4 insertions(+)
Already up to date.
Already up to date.
[main 49f80586f] new data and log files (cluster - automated)
 2 files changed, 4 insertions(+)
Already up to date.
Already up to date.
[main ff3f26515] new data and log files (cluster - automated)
 104 files changed, 778 insertions(+), 782 deletions(-)
 delete mode 100644 index.rmarkdown
Already up to date.
Already up to date.
[main e9354d8fc] new data and log files (cluster - automated)
 5 files changed, 87 insertions(+), 83 deletions(-)
Already up to date.
Already up to date.
[main 5282fbfbf] new data and log files (cluster - automated)
 5 files changed, 87 insertions(+), 83 deletions(-)
Already up to date.
Already up to date.
[main ebf1c0f05] new data and log files (cluster - automated)
 5 files changed, 87 insertions(+), 83 deletions(-)
Already up to date.
Already up to date.
[main 4f037426a] new data and log files (cluster - automated)
 106 files changed, 104 insertions(+), 100 deletions(-)
Already up to date.
Already up to date.
[main 36427a106] new data and log files (cluster - automated)
 5 files changed, 87 insertions(+), 83 deletions(-)
Already up to date.
Already up to date.
[main 9dfdd26f4] new data and log files (cluster - automated)
 5 files changed, 87 insertions(+), 83 deletions(-)
Already up to date.
Already up to date.
[main e5525a2da] new data and log files (cluster - automated)
 5 files changed, 87 insertions(+), 83 deletions(-)
Already up to date.
Already up to date.
[main 79ed6c337] new data and log files (cluster - automated)
 5 files changed, 87 insertions(+), 83 deletions(-)
Already up to date.
Already up to date.
[main db9ce7ca5] new data and log files (cluster - automated)
 5 files changed, 87 insertions(+), 83 deletions(-)
Already up to date.
Already up to date.
[main 3961795e0] new data and log files (cluster - automated)
 107 files changed, 116 insertions(+), 106 deletions(-)
Already up to date.
Already up to date.
[main c87f461bf] new data and log files (cluster - automated)
 5 files changed, 87 insertions(+), 83 deletions(-)
Already up to date.
Already up to date.
[main 9a0969d19] new data and log files (cluster - automated)
 5 files changed, 87 insertions(+), 83 deletions(-)
Already up to date.
Already up to date.
[main 2dff3434b] new data and log files (cluster - automated)
 5 files changed, 87 insertions(+), 83 deletions(-)
Already up to date.
Already up to date.
[main 2be0a2de8] new data and log files (cluster - automated)
 5 files changed, 87 insertions(+), 83 deletions(-)
Already up to date.
Already up to date.
[main 40efeb8f9] new data and log files (cluster - automated)
 5 files changed, 87 insertions(+), 83 deletions(-)
Already up to date.
Already up to date.
[main b9c447400] new data and log files (cluster - automated)
 86 files changed, 111 insertions(+), 97 deletions(-)
Already up to date.
Already up to date.
[main 8a548024a] new data and log files (cluster - automated)
 26 files changed, 88 insertions(+), 84 deletions(-)
Already up to date.
Already up to date.
[main 57dec1de3] new data and log files (cluster - automated)
 101 files changed, 173 insertions(+), 89 deletions(-)
Already up to date.
Already up to date.
[main 2679f8d50] new data and log files (cluster - automated)
 107 files changed, 1232 insertions(+), 500 deletions(-)
Already up to date.
Already up to date.
[main 0a06d9089] new data and log files (cluster - automated)
 5 files changed, 87 insertions(+), 83 deletions(-)
Already up to date.
Already up to date.
[main 19284a537] new data and log files (cluster - automated)
 5 files changed, 87 insertions(+), 83 deletions(-)
Already up to date.
Already up to date.
[main 99fc54d96] new data and log files (cluster - automated)
 107 files changed, 1112 insertions(+), 1380 deletions(-)
Already up to date.
Already up to date.
[main 03e1aa7f3] new data and log files (cluster - automated)
 26 files changed, 88 insertions(+), 84 deletions(-)
Already up to date.
Already up to date.
[main ca3133c88] new data and log files (cluster - automated)
 5 files changed, 87 insertions(+), 83 deletions(-)
Already up to date.
Already up to date.
[main de8bb9ae0] new data and log files (cluster - automated)
 5 files changed, 87 insertions(+), 83 deletions(-)
Already up to date.
Already up to date.
[main 74ac4d45d] new data and log files (cluster - automated)
 5 files changed, 87 insertions(+), 83 deletions(-)
Already up to date.
Already up to date.
[main 86e495e8a] new data and log files (cluster - automated)
 5 files changed, 87 insertions(+), 83 deletions(-)
Already up to date.
Already up to date.
[main 89c2ab380] new data and log files (cluster - automated)
 86 files changed, 102 insertions(+), 108 deletions(-)
Already up to date.
Already up to date.
[main e25a8eee3] new data and log files (cluster - automated)
 5 files changed, 87 insertions(+), 83 deletions(-)
Already up to date.
Already up to date.
[main 7388a8646] new data and log files (cluster - automated)
 5 files changed, 87 insertions(+), 83 deletions(-)
Already up to date.
Already up to date.
[main 0b6245128] new data and log files (cluster - automated)
 5 files changed, 87 insertions(+), 83 deletions(-)
Already up to date.
Already up to date.
[main 7e5bbe9eb] new data and log files (cluster - automated)
 5 files changed, 87 insertions(+), 83 deletions(-)
Already up to date.
Already up to date.
[main 8445bd7ae] new data and log files (cluster - automated)
 95 files changed, 90 insertions(+), 86 deletions(-)
Already up to date.
Already up to date.
[main 7577c4f72] new data and log files (cluster - automated)
 106 files changed, 113 insertions(+), 99 deletions(-)
Already up to date.
Already up to date.
[main a9a549152] new data and log files (cluster - automated)
 26 files changed, 88 insertions(+), 84 deletions(-)
Already up to date.
Already up to date.
[main fb575cca8] new data and log files (cluster - automated)
 5 files changed, 87 insertions(+), 83 deletions(-)
Already up to date.
Already up to date.
[main 45a1fc90b] new data and log files (cluster - automated)
 5 files changed, 87 insertions(+), 83 deletions(-)
Already up to date.
Already up to date.
[main c8ab9a143] new data and log files (cluster - automated)
 5 files changed, 87 insertions(+), 83 deletions(-)
Already up to date.
Already up to date.
[main 461b43823] new data and log files (cluster - automated)
 5 files changed, 87 insertions(+), 83 deletions(-)
Already up to date.
Already up to date.
[main c9d641657] new data and log files (cluster - automated)
 107 files changed, 119 insertions(+), 109 deletions(-)
Already up to date.
Already up to date.
[main d920d6ee7] new data and log files (cluster - automated)
 5 files changed, 87 insertions(+), 83 deletions(-)
Already up to date.
Already up to date.
[main a1fe3920f] new data and log files (cluster - automated)
 26 files changed, 88 insertions(+), 84 deletions(-)
Already up to date.
Already up to date.
[main a968b888e] new data and log files (cluster - automated)
 5 files changed, 87 insertions(+), 83 deletions(-)
Already up to date.
Already up to date.
[main b97fd6985] new data and log files (cluster - automated)
 5 files changed, 87 insertions(+), 83 deletions(-)
Already up to date.
Already up to date.
[main cfd39a23e] new data and log files (cluster - automated)
 5 files changed, 87 insertions(+), 83 deletions(-)
Already up to date.
Already up to date.
[main e78732513] new data and log files (cluster - automated)
 107 files changed, 256 insertions(+), 146 deletions(-)
Already up to date.
Already up to date.
[main 8f9606327] new data and log files (cluster - automated)
 5 files changed, 87 insertions(+), 83 deletions(-)
Already up to date.
Already up to date.
[main 4f239a6ec] new data and log files (cluster - automated)
 5 files changed, 87 insertions(+), 83 deletions(-)
Already up to date.
Already up to date.
[main e320e9f89] new data and log files (cluster - automated)
 98 files changed, 90 insertions(+), 86 deletions(-)
Already up to date.
Already up to date.
[main a5fd2244b] new data and log files (cluster - automated)
 5 files changed, 87 insertions(+), 83 deletions(-)
Already up to date.
Already up to date.
[main 8cd74031e] new data and log files (cluster - automated)
 5 files changed, 87 insertions(+), 83 deletions(-)
Already up to date.
Already up to date.
[main 79c314896] new data and log files (cluster - automated)
 107 files changed, 517 insertions(+), 353 deletions(-)
Already up to date.
Already up to date.
[main da818e6e1] new data and log files (cluster - automated)
 5 files changed, 87 insertions(+), 83 deletions(-)
Already up to date.
Already up to date.
[main 6b4176ef0] new data and log files (cluster - automated)
 5 files changed, 87 insertions(+), 83 deletions(-)
Already up to date.
Already up to date.
[main a80b30f80] new data and log files (cluster - automated)
 5 files changed, 87 insertions(+), 83 deletions(-)
Already up to date.
Already up to date.
[main f06ccef17] new data and log files (cluster - automated)
 89 files changed, 89 insertions(+), 85 deletions(-)
Already up to date.
Already up to date.
[main 63483dcd8] new data and log files (cluster - automated)
 5 files changed, 87 insertions(+), 83 deletions(-)
Already up to date.
Already up to date.
[main ffc3c4deb] new data and log files (cluster - automated)
 107 files changed, 253 insertions(+), 195 deletions(-)
Already up to date.
Already up to date.
[main 6b4fe6359] new data and log files (cluster - automated)
 89 files changed, 124 insertions(+), 88 deletions(-)
Already up to date.
Already up to date.
[main 6d55ab148] new data and log files (cluster - automated)
 5 files changed, 87 insertions(+), 83 deletions(-)
Already up to date.
Already up to date.
[main cf46a9837] new data and log files (cluster - automated)
 5 files changed, 87 insertions(+), 83 deletions(-)
Already up to date.
Already up to date.
[main ee7e4d40f] new data and log files (cluster - automated)
 5 files changed, 87 insertions(+), 83 deletions(-)
Already up to date.
Already up to date.
[main 5b50a7313] new data and log files (cluster - automated)
 5 files changed, 87 insertions(+), 83 deletions(-)
Already up to date.
Already up to date.
[main 798984eba] new data and log files (cluster - automated)
 96 files changed, 110 insertions(+), 96 deletions(-)
Already up to date.
Already up to date.
[main 6c7a973bd] new data and log files (cluster - automated)
 96 files changed, 91 insertions(+), 87 deletions(-)
Already up to date.
Already up to date.
[main fad756e03] new data and log files (cluster - automated)
 5 files changed, 87 insertions(+), 83 deletions(-)
Already up to date.
Already up to date.
[main d9233037b] new data and log files (cluster - automated)
 5 files changed, 87 insertions(+), 83 deletions(-)
Already up to date.
Already up to date.
[main b70ee3c5b] new data and log files (cluster - automated)
 5 files changed, 87 insertions(+), 83 deletions(-)
Already up to date.
Already up to date.
[main 0ccabffb4] new data and log files (cluster - automated)
 5 files changed, 87 insertions(+), 83 deletions(-)
Already up to date.
Already up to date.
[main 4ef0b20cc] new data and log files (cluster - automated)
 96 files changed, 100 insertions(+), 96 deletions(-)
Already up to date.
Already up to date.
[main 16897132f] new data and log files (cluster - automated)
 91 files changed, 89 insertions(+), 85 deletions(-)
Already up to date.
Already up to date.
[main 14155059f] new data and log files (cluster - automated)
 5 files changed, 87 insertions(+), 83 deletions(-)
Already up to date.
Already up to date.
[main 23128025a] new data and log files (cluster - automated)
 5 files changed, 87 insertions(+), 83 deletions(-)
Already up to date.
Already up to date.
[main ac5a0d5b3] new data and log files (cluster - automated)
 5 files changed, 87 insertions(+), 83 deletions(-)
Already up to date.
Already up to date.
[main 83851fe49] new data and log files (cluster - automated)
 5 files changed, 87 insertions(+), 83 deletions(-)
Already up to date.
Already up to date.
[main 54a4af32a] new data and log files (cluster - automated)
 106 files changed, 100 insertions(+), 96 deletions(-)
Already up to date.
Already up to date.
[main 037feec4d] new data and log files (cluster - automated)
 26 files changed, 88 insertions(+), 84 deletions(-)
Already up to date.
Already up to date.
[main 8bcacd5f1] new data and log files (cluster - automated)
 96 files changed, 92 insertions(+), 88 deletions(-)
Already up to date.
Already up to date.
[main 312ee1027] new data and log files (cluster - automated)
 5 files changed, 87 insertions(+), 83 deletions(-)
Already up to date.
Already up to date.
[main bd90982b0] new data and log files (cluster - automated)
 5 files changed, 87 insertions(+), 83 deletions(-)
Already up to date.
Already up to date.
[main f4be5379e] new data and log files (cluster - automated)
 5 files changed, 87 insertions(+), 83 deletions(-)
Already up to date.
Already up to date.
[main 2618b2496] new data and log files (cluster - automated)
 106 files changed, 101 insertions(+), 107 deletions(-)
Already up to date.
Already up to date.
[main 005c5831a] new data and log files (cluster - automated)
 5 files changed, 87 insertions(+), 83 deletions(-)
Already up to date.
Already up to date.
[main 46ab63cbe] new data and log files (cluster - automated)
 5 files changed, 87 insertions(+), 83 deletions(-)
Already up to date.
Already up to date.
[main 28f2628ae] new data and log files (cluster - automated)
 92 files changed, 88 insertions(+), 84 deletions(-)
Already up to date.
Already up to date.
[main 6d3e78269] new data and log files (cluster - automated)
 5 files changed, 87 insertions(+), 83 deletions(-)
Already up to date.
Already up to date.
[main 58262cbd0] new data and log files (cluster - automated)
 5 files changed, 87 insertions(+), 83 deletions(-)
Already up to date.
Already up to date.
[main f2ddf656d] new data and log files (cluster - automated)
 106 files changed, 110 insertions(+), 96 deletions(-)
Already up to date.
Already up to date.
[main a9a83366d] new data and log files (cluster - automated)
 5 files changed, 691 insertions(+), 687 deletions(-)
 create mode 100644 index.rmarkdown
Already up to date.
Already up to date.
[main c88753839] new data and log files (cluster - automated)
 6 files changed, 772 insertions(+), 768 deletions(-)
 delete mode 100644 index.rmarkdown
Already up to date.
Already up to date.
[main ea06f6bb5] new data and log files (cluster - automated)
 5 files changed, 87 insertions(+), 83 deletions(-)
Already up to date.
Already up to date.
[main 80d7c8a6e] new data and log files (cluster - automated)
 5 files changed, 87 insertions(+), 83 deletions(-)
Already up to date.
Already up to date.
[main 1d77b1cab] new data and log files (cluster - automated)
 82 files changed, 88 insertions(+), 84 deletions(-)
Already up to date.
Already up to date.
[main b09be79be] new data and log files (cluster - automated)
 106 files changed, 98 insertions(+), 94 deletions(-)
Already up to date.
Already up to date.
[main dc7bdda95] new data and log files (cluster - automated)
 5 files changed, 87 insertions(+), 83 deletions(-)
Already up to date.
Already up to date.
[main 6c0ece38c] new data and log files (cluster - automated)
 5 files changed, 87 insertions(+), 83 deletions(-)
Already up to date.
Already up to date.
[main 04ae009fb] new data and log files (cluster - automated)
 5 files changed, 87 insertions(+), 83 deletions(-)
Already up to date.
Already up to date.
[main 0b8256e8a] new data and log files (cluster - automated)
 5 files changed, 87 insertions(+), 83 deletions(-)
Already up to date.
Already up to date.
[main efbf0769c] new data and log files (cluster - automated)
 5 files changed, 87 insertions(+), 83 deletions(-)
Already up to date.
Already up to date.
[main 4731a9605] new data and log files (cluster - automated)
 106 files changed, 99 insertions(+), 95 deletions(-)
Already up to date.
Already up to date.
[main ba31353ff] new data and log files (cluster - automated)
 5 files changed, 87 insertions(+), 83 deletions(-)
Already up to date.
Already up to date.
[main 0336794cc] new data and log files (cluster - automated)
 5 files changed, 87 insertions(+), 83 deletions(-)
Already up to date.
Already up to date.
[main 56eb5c64a] new data and log files (cluster - automated)
 5 files changed, 87 insertions(+), 83 deletions(-)
Already up to date.
Already up to date.
[main 5d37b8942] new data and log files (cluster - automated)
 5 files changed, 87 insertions(+), 83 deletions(-)
Already up to date.
Already up to date.
[main c428f656e] new data and log files (cluster - automated)
 5 files changed, 87 insertions(+), 83 deletions(-)
Already up to date.
Already up to date.
[main 7df3d018e] new data and log files (cluster - automated)
 97 files changed, 102 insertions(+), 98 deletions(-)
Already up to date.
Already up to date.
[main 612e6ed3c] new data and log files (cluster - automated)
 26 files changed, 88 insertions(+), 84 deletions(-)
Already up to date.
Already up to date.
[main a17b38344] new data and log files (cluster - automated)
 5 files changed, 87 insertions(+), 83 deletions(-)
Already up to date.
Already up to date.
[main 201589bac] new data and log files (cluster - automated)
 5 files changed, 87 insertions(+), 83 deletions(-)
Already up to date.
Already up to date.
[main 8a4500e5d] new data and log files (cluster - automated)
 5 files changed, 87 insertions(+), 83 deletions(-)
Already up to date.
Already up to date.
[main fd5bc4b2c] new data and log files (cluster - automated)
 5 files changed, 87 insertions(+), 83 deletions(-)
Already up to date.
Already up to date.
[main e177da056] new data and log files (cluster - automated)
 106 files changed, 102 insertions(+), 98 deletions(-)
Already up to date.
Already up to date.
[main 6be53e024] new data and log files (cluster - automated)
 5 files changed, 87 insertions(+), 83 deletions(-)
Already up to date.
Already up to date.
[main 2ce23c706] new data and log files (cluster - automated)
 5 files changed, 87 insertions(+), 83 deletions(-)
Already up to date.
Already up to date.
[main f8e07452a] new data and log files (cluster - automated)
 5 files changed, 87 insertions(+), 83 deletions(-)
Already up to date.
Already up to date.
[main 09cd6330d] new data and log files (cluster - automated)
 5 files changed, 87 insertions(+), 83 deletions(-)
Already up to date.
Already up to date.
[main 347f1c274] new data and log files (cluster - automated)
 5 files changed, 87 insertions(+), 83 deletions(-)
Already up to date.
Already up to date.
[main fdb3e2583] new data and log files (cluster - automated)
 106 files changed, 102 insertions(+), 98 deletions(-)
Already up to date.
Already up to date.
[main 013e4b1df] new data and log files (cluster - automated)
 5 files changed, 87 insertions(+), 83 deletions(-)
Already up to date.
Already up to date.
[main b5525a9ee] new data and log files (cluster - automated)
 5 files changed, 87 insertions(+), 83 deletions(-)
Already up to date.
Already up to date.
[main 74fa1d891] new data and log files (cluster - automated)
 5 files changed, 87 insertions(+), 83 deletions(-)
Already up to date.
Already up to date.
[main de1641013] new data and log files (cluster - automated)
 5 files changed, 87 insertions(+), 83 deletions(-)
Already up to date.
Already up to date.
[main 3301f7238] new data and log files (cluster - automated)
 5 files changed, 87 insertions(+), 83 deletions(-)
Already up to date.
Already up to date.
[main e6c79efe6] new data and log files (cluster - automated)
 106 files changed, 102 insertions(+), 98 deletions(-)
Already up to date.
Already up to date.
[main 2c1a37592] new data and log files (cluster - automated)
 5 files changed, 87 insertions(+), 83 deletions(-)
Already up to date.
Already up to date.
[main e76152c84] new data and log files (cluster - automated)
 5 files changed, 87 insertions(+), 83 deletions(-)
Already up to date.
Already up to date.
[main 3d3b7becd] new data and log files (cluster - automated)
 5 files changed, 87 insertions(+), 83 deletions(-)
Already up to date.
Already up to date.
[main 5d47e6c62] new data and log files (cluster - automated)
 5 files changed, 87 insertions(+), 83 deletions(-)
Already up to date.
Already up to date.
[main e0517b0b4] new data and log files (cluster - automated)
 5 files changed, 87 insertions(+), 83 deletions(-)
Already up to date.
Already up to date.
[main c470048f1] new data and log files (cluster - automated)
 106 files changed, 99 insertions(+), 95 deletions(-)
Already up to date.
Already up to date.
[main 71e00b58e] new data and log files (cluster - automated)
 68 files changed, 90 insertions(+), 86 deletions(-)
Already up to date.
Already up to date.
[main 9eb825270] new data and log files (cluster - automated)
 5 files changed, 87 insertions(+), 83 deletions(-)
Already up to date.
Already up to date.
[main 38606cbdd] new data and log files (cluster - automated)
 5 files changed, 87 insertions(+), 83 deletions(-)
Already up to date.
Already up to date.
[main e7368ab5e] new data and log files (cluster - automated)
 5 files changed, 87 insertions(+), 83 deletions(-)
Already up to date.
Already up to date.
[main 16d4ec790] new data and log files (cluster - automated)
 5 files changed, 87 insertions(+), 83 deletions(-)
Already up to date.
Already up to date.
[main d310cbe26] new data and log files (cluster - automated)
 102 files changed, 98 insertions(+), 94 deletions(-)
Already up to date.
Already up to date.
[main a664724dd] new data and log files (cluster - automated)
 5 files changed, 87 insertions(+), 83 deletions(-)
Already up to date.
Already up to date.
[main 708dd632a] new data and log files (cluster - automated)
 5 files changed, 87 insertions(+), 83 deletions(-)
Already up to date.
Already up to date.
[main 651cd6dbf] new data and log files (cluster - automated)
 5 files changed, 87 insertions(+), 83 deletions(-)
Already up to date.
Already up to date.
[main 5e442b0fd] new data and log files (cluster - automated)
 5 files changed, 87 insertions(+), 83 deletions(-)
Already up to date.
Already up to date.
[main 78196645a] new data and log files (cluster - automated)
 5 files changed, 87 insertions(+), 83 deletions(-)
Already up to date.
Already up to date.
[main 6f2107a73] new data and log files (cluster - automated)
 106 files changed, 100 insertions(+), 96 deletions(-)
Already up to date.
Already up to date.
[main 5b1dd7475] new data and log files (cluster - automated)
 5 files changed, 87 insertions(+), 83 deletions(-)
Already up to date.
Already up to date.
[main 26de5dbab] new data and log files (cluster - automated)
 5 files changed, 87 insertions(+), 83 deletions(-)
Already up to date.
Already up to date.
[main ad07b3bad] new data and log files (cluster - automated)
 5 files changed, 87 insertions(+), 83 deletions(-)
Already up to date.
Already up to date.
[main 3cdb849d1] new data and log files (cluster - automated)
 5 files changed, 87 insertions(+), 83 deletions(-)
Already up to date.
Already up to date.
[main 493ee84f4] new data and log files (cluster - automated)
 5 files changed, 87 insertions(+), 83 deletions(-)
Already up to date.
Already up to date.
[main c89de14e8] new data and log files (cluster - automated)
 106 files changed, 100 insertions(+), 96 deletions(-)
Already up to date.
Already up to date.
[main 246c04007] new data and log files (cluster - automated)
 5 files changed, 87 insertions(+), 83 deletions(-)
Already up to date.
Already up to date.
[main 8a2fd1fd2] new data and log files (cluster - automated)
 5 files changed, 87 insertions(+), 83 deletions(-)
Already up to date.
Already up to date.
[main c1a3927f5] new data and log files (cluster - automated)
 5 files changed, 87 insertions(+), 83 deletions(-)
Already up to date.
Already up to date.
[main 07adaafc2] new data and log files (cluster - automated)
 5 files changed, 87 insertions(+), 83 deletions(-)
Already up to date.
Already up to date.
[main c2658ee36] new data and log files (cluster - automated)
 5 files changed, 87 insertions(+), 83 deletions(-)
Already up to date.
Already up to date.
[main 4ed925a1f] new data and log files (cluster - automated)
 106 files changed, 102 insertions(+), 108 deletions(-)
Already up to date.
Already up to date.
[main a33c0a584] new data and log files (cluster - automated)
 86 files changed, 90 insertions(+), 86 deletions(-)
Already up to date.
Already up to date.
[main ed73d1558] new data and log files (cluster - automated)
 5 files changed, 87 insertions(+), 83 deletions(-)
Already up to date.
Already up to date.
[main 1aaa2dfad] new data and log files (cluster - automated)
 5 files changed, 87 insertions(+), 83 deletions(-)
Already up to date.
Already up to date.
[main e59a4dd8a] new data and log files (cluster - automated)
 5 files changed, 87 insertions(+), 83 deletions(-)
Already up to date.
Already up to date.
[main 7a3e3c384] new data and log files (cluster - automated)
 5 files changed, 87 insertions(+), 83 deletions(-)
Already up to date.
Already up to date.
[main 5d14b5a4c] new data and log files (cluster - automated)
 106 files changed, 98 insertions(+), 94 deletions(-)
Already up to date.
Already up to date.
[main da57347c9] new data and log files (cluster - automated)
 5 files changed, 87 insertions(+), 83 deletions(-)
Already up to date.
Already up to date.
[main 9fe60e123] new data and log files (cluster - automated)
 82 files changed, 89 insertions(+), 85 deletions(-)
Already up to date.
Already up to date.
[main 00b6146e6] new data and log files (cluster - automated)
 5 files changed, 87 insertions(+), 83 deletions(-)
Already up to date.
Already up to date.
[main c98fda436] new data and log files (cluster - automated)
 5 files changed, 87 insertions(+), 83 deletions(-)
Already up to date.
Already up to date.
[main ced296b5b] new data and log files (cluster - automated)
 5 files changed, 87 insertions(+), 83 deletions(-)
Already up to date.
Already up to date.
[main d9d43fd1d] new data and log files (cluster - automated)
 106 files changed, 112 insertions(+), 98 deletions(-)
Already up to date.
Already up to date.
[main d356e50e3] new data and log files (cluster - automated)
 5 files changed, 87 insertions(+), 83 deletions(-)
Already up to date.
Already up to date.
[main cb104c498] new data and log files (cluster - automated)
 5 files changed, 87 insertions(+), 83 deletions(-)
Already up to date.
Already up to date.
[main 25681ba66] new data and log files (cluster - automated)
 5 files changed, 87 insertions(+), 83 deletions(-)
Already up to date.
Already up to date.
[main b1e87b6d4] new data and log files (cluster - automated)
 5 files changed, 87 insertions(+), 83 deletions(-)
Already up to date.
Already up to date.
[main 2eb9014d8] new data and log files (cluster - automated)
 5 files changed, 87 insertions(+), 83 deletions(-)
Already up to date.
Already up to date.
[main 1c7e20853] new data and log files (cluster - automated)
 106 files changed, 101 insertions(+), 97 deletions(-)
Already up to date.
Already up to date.
[main 94a4fcd04] new data and log files (cluster - automated)
 5 files changed, 87 insertions(+), 83 deletions(-)
Already up to date.
Already up to date.
[main 736ddd037] new data and log files (cluster - automated)
 5 files changed, 87 insertions(+), 83 deletions(-)
Already up to date.
Already up to date.
[main 772e649f5] new data and log files (cluster - automated)
 5 files changed, 87 insertions(+), 83 deletions(-)
Already up to date.
Already up to date.
[main 96f7eca9a] new data and log files (cluster - automated)
 5 files changed, 87 insertions(+), 83 deletions(-)
Already up to date.
Already up to date.
[main 3a4e0db84] new data and log files (cluster - automated)
 5 files changed, 87 insertions(+), 83 deletions(-)
Already up to date.
Already up to date.
[main 3bfbf2df1] new data and log files (cluster - automated)
 106 files changed, 101 insertions(+), 97 deletions(-)
Already up to date.
Already up to date.
[main 9d9811b68] new data and log files (cluster - automated)
 5 files changed, 87 insertions(+), 83 deletions(-)
Already up to date.
Already up to date.
[main eefcb3030] new data and log files (cluster - automated)
 5 files changed, 87 insertions(+), 83 deletions(-)
Already up to date.
Already up to date.
[main eb1190422] new data and log files (cluster - automated)
 5 files changed, 87 insertions(+), 83 deletions(-)
Already up to date.
Already up to date.
[main 6fc33ddda] new data and log files (cluster - automated)
 5 files changed, 87 insertions(+), 83 deletions(-)
Already up to date.
Already up to date.
[main bc7214d55] new data and log files (cluster - automated)
 5 files changed, 87 insertions(+), 83 deletions(-)
Already up to date.
Already up to date.
[main e20844eed] new data and log files (cluster - automated)
 106 files changed, 99 insertions(+), 95 deletions(-)
Already up to date.
Already up to date.
[main 96ed2aef2] new data and log files (cluster - automated)
 5 files changed, 87 insertions(+), 83 deletions(-)
Already up to date.
Already up to date.
[main 3759aefd4] new data and log files (cluster - automated)
 5 files changed, 87 insertions(+), 83 deletions(-)
Already up to date.
Already up to date.
[main 1695f5b9e] new data and log files (cluster - automated)
 5 files changed, 87 insertions(+), 83 deletions(-)
Already up to date.
Already up to date.
[main 476b23444] new data and log files (cluster - automated)
 5 files changed, 87 insertions(+), 83 deletions(-)
Already up to date.
Already up to date.
[main bbd8e1984] new data and log files (cluster - automated)
 5 files changed, 87 insertions(+), 83 deletions(-)
Already up to date.
Already up to date.
[main 7fc6a27e2] new data and log files (cluster - automated)
 106 files changed, 100 insertions(+), 96 deletions(-)
Already up to date.
Already up to date.
[main 0aef1f419] new data and log files (cluster - automated)
 5 files changed, 87 insertions(+), 83 deletions(-)
Already up to date.
Already up to date.
[main c5b0a99a5] new data and log files (cluster - automated)
 71 files changed, 89 insertions(+), 85 deletions(-)
Already up to date.
Already up to date.
[main fc26c6af3] new data and log files (cluster - automated)
 5 files changed, 87 insertions(+), 83 deletions(-)
Already up to date.
Already up to date.
[main 5ebb46268] new data and log files (cluster - automated)
 5 files changed, 87 insertions(+), 83 deletions(-)
Already up to date.
Already up to date.
[main b1a02c564] new data and log files (cluster - automated)
 5 files changed, 87 insertions(+), 83 deletions(-)
Already up to date.
Already up to date.
[main d7bde46ea] new data and log files (cluster - automated)
 106 files changed, 100 insertions(+), 96 deletions(-)
Already up to date.
Already up to date.
[main 1aa6da2a2] new data and log files (cluster - automated)
 5 files changed, 87 insertions(+), 83 deletions(-)
Already up to date.
Already up to date.
[main bd35fab61] new data and log files (cluster - automated)
 5 files changed, 87 insertions(+), 83 deletions(-)
Already up to date.
Already up to date.
[main 5c1612eb2] new data and log files (cluster - automated)
 5 files changed, 87 insertions(+), 83 deletions(-)
Already up to date.
Already up to date.
[main 5c970c222] new data and log files (cluster - automated)
 5 files changed, 87 insertions(+), 83 deletions(-)
Already up to date.
Already up to date.
[main 43f94c403] new data and log files (cluster - automated)
 5 files changed, 87 insertions(+), 83 deletions(-)
Already up to date.
Already up to date.
[main 27efeeb3b] new data and log files (cluster - automated)
 106 files changed, 100 insertions(+), 96 deletions(-)
Already up to date.
Already up to date.
[main 04456aeee] new data and log files (cluster - automated)
 93 files changed, 89 insertions(+), 85 deletions(-)
Already up to date.
Already up to date.
[main 51c067002] new data and log files (cluster - automated)
 5 files changed, 87 insertions(+), 83 deletions(-)
Already up to date.
Already up to date.
[main b6fc055a8] new data and log files (cluster - automated)
 5 files changed, 87 insertions(+), 83 deletions(-)
Already up to date.
Already up to date.
[main 887965de8] new data and log files (cluster - automated)
 5 files changed, 87 insertions(+), 83 deletions(-)
Already up to date.
Already up to date.
[main 8ede49b75] new data and log files (cluster - automated)
 5 files changed, 87 insertions(+), 83 deletions(-)
Already up to date.
Already up to date.
[main 377a4bfb0] new data and log files (cluster - automated)
 106 files changed, 102 insertions(+), 108 deletions(-)
Already up to date.
Already up to date.
[main 3006f0b20] new data and log files (cluster - automated)
 5 files changed, 87 insertions(+), 83 deletions(-)
Already up to date.
Already up to date.
[main 476ce7dbc] new data and log files (cluster - automated)
 5 files changed, 87 insertions(+), 83 deletions(-)
Already up to date.
Already up to date.
[main 15b815250] new data and log files (cluster - automated)
 5 files changed, 87 insertions(+), 83 deletions(-)
Already up to date.
Already up to date.
[main af032b524] new data and log files (cluster - automated)
 5 files changed, 87 insertions(+), 83 deletions(-)
Already up to date.
Already up to date.
[main 3087bda85] new data and log files (cluster - automated)
 5 files changed, 87 insertions(+), 83 deletions(-)
Already up to date.
Already up to date.
[main 9ec7b3b3f] new data and log files (cluster - automated)
 106 files changed, 105 insertions(+), 101 deletions(-)
Already up to date.
Already up to date.
[main ec0d0906e] new data and log files (cluster - automated)
 88 files changed, 88 insertions(+), 84 deletions(-)
Already up to date.
Already up to date.
[main a83524147] new data and log files (cluster - automated)
 5 files changed, 87 insertions(+), 83 deletions(-)
Already up to date.
Already up to date.
[main dd14222f1] new data and log files (cluster - automated)
 5 files changed, 87 insertions(+), 83 deletions(-)
Already up to date.
Already up to date.
[main 92feae3e5] new data and log files (cluster - automated)
 5 files changed, 87 insertions(+), 83 deletions(-)
Already up to date.
Already up to date.
[main 52a5850f9] new data and log files (cluster - automated)
 5 files changed, 87 insertions(+), 83 deletions(-)
Already up to date.
Already up to date.
[main dd0f150d3] new data and log files (cluster - automated)
 106 files changed, 112 insertions(+), 98 deletions(-)
Already up to date.
Already up to date.
[main 247e3f911] new data and log files (cluster - automated)
 5 files changed, 87 insertions(+), 83 deletions(-)
Already up to date.
Already up to date.
[main 25f8203a9] new data and log files (cluster - automated)
 5 files changed, 87 insertions(+), 83 deletions(-)
Already up to date.
Already up to date.
[main 5698a1b45] new data and log files (cluster - automated)
 5 files changed, 87 insertions(+), 83 deletions(-)
Already up to date.
Already up to date.
[main 8d1b028e2] new data and log files (cluster - automated)
 5 files changed, 87 insertions(+), 83 deletions(-)
Already up to date.
Already up to date.
[main 6e394c5ef] new data and log files (cluster - automated)
 96 files changed, 88 insertions(+), 84 deletions(-)
Already up to date.
Already up to date.
[main d9de6cd09] new data and log files (cluster - automated)
 106 files changed, 99 insertions(+), 95 deletions(-)
Already up to date.
Already up to date.
[main 907617245] new data and log files (cluster - automated)
 5 files changed, 87 insertions(+), 83 deletions(-)
Already up to date.
Already up to date.
[main 3b2488e34] new data and log files (cluster - automated)
 5 files changed, 87 insertions(+), 83 deletions(-)
Already up to date.
Already up to date.
[main 16db5c456] new data and log files (cluster - automated)
 5 files changed, 87 insertions(+), 83 deletions(-)
Already up to date.
Already up to date.
[main 0834e27a3] new data and log files (cluster - automated)
 5 files changed, 87 insertions(+), 83 deletions(-)
Already up to date.
Already up to date.
[main 2c57a003f] new data and log files (cluster - automated)
 5 files changed, 87 insertions(+), 83 deletions(-)
Already up to date.
Already up to date.
[main d83e93704] new data and log files (cluster - automated)
 106 files changed, 99 insertions(+), 95 deletions(-)
Already up to date.
Already up to date.
[main c9fbc07aa] new data and log files (cluster - automated)
 5 files changed, 87 insertions(+), 83 deletions(-)
Already up to date.
Already up to date.
[main 32d665f56] new data and log files (cluster - automated)
 5 files changed, 87 insertions(+), 83 deletions(-)
Already up to date.
Already up to date.
[main 112862b5f] new data and log files (cluster - automated)
 5 files changed, 87 insertions(+), 83 deletions(-)
Already up to date.
Already up to date.
[main 5c2eb8fde] new data and log files (cluster - automated)
 5 files changed, 87 insertions(+), 83 deletions(-)
Already up to date.
Already up to date.
[main 174ceb3ee] new data and log files (cluster - automated)
 5 files changed, 87 insertions(+), 83 deletions(-)
Already up to date.
Already up to date.
[main 975100032] new data and log files (cluster - automated)
 106 files changed, 100 insertions(+), 96 deletions(-)
Already up to date.
Already up to date.
[main 7f726d170] new data and log files (cluster - automated)
 86 files changed, 91 insertions(+), 87 deletions(-)
Already up to date.
Already up to date.
[main a76a4617f] new data and log files (cluster - automated)
 5 files changed, 87 insertions(+), 83 deletions(-)
Already up to date.
Already up to date.
[main b0609eb3b] new data and log files (cluster - automated)
 5 files changed, 87 insertions(+), 83 deletions(-)
Already up to date.
Already up to date.
[main 99670b2c9] new data and log files (cluster - automated)
 5 files changed, 87 insertions(+), 83 deletions(-)
Already up to date.
Already up to date.
[main c25812ca3] new data and log files (cluster - automated)
 5 files changed, 87 insertions(+), 83 deletions(-)
Already up to date.
Already up to date.
[main 36c658046] new data and log files (cluster - automated)
 101 files changed, 103 insertions(+), 99 deletions(-)
Already up to date.
Already up to date.
[main 9506d7d83] new data and log files (cluster - automated)
 5 files changed, 87 insertions(+), 83 deletions(-)
Already up to date.
Already up to date.
[main dbe75143b] new data and log files (cluster - automated)
 5 files changed, 87 insertions(+), 83 deletions(-)
Already up to date.
Already up to date.
[main 2b45cf21a] new data and log files (cluster - automated)
 5 files changed, 87 insertions(+), 83 deletions(-)
Already up to date.
Already up to date.
[main d4dcaacc1] new data and log files (cluster - automated)
 5 files changed, 87 insertions(+), 83 deletions(-)
Already up to date.
Already up to date.
[main d33a80225] new data and log files (cluster - automated)
 5 files changed, 87 insertions(+), 83 deletions(-)
Already up to date.
Already up to date.
[main 6e955d7a9] new data and log files (cluster - automated)
 106 files changed, 103 insertions(+), 99 deletions(-)
Already up to date.
Already up to date.
[main 720ebab3c] new data and log files (cluster - automated)
 5 files changed, 87 insertions(+), 83 deletions(-)
Already up to date.
Already up to date.
[main a8676ae84] new data and log files (cluster - automated)
 5 files changed, 87 insertions(+), 83 deletions(-)
Already up to date.
Already up to date.
[main 3ae4d7e1d] new data and log files (cluster - automated)
 5 files changed, 87 insertions(+), 83 deletions(-)
Already up to date.
Already up to date.
[main 1c140e6f7] new data and log files (cluster - automated)
 5 files changed, 87 insertions(+), 83 deletions(-)
Already up to date.
Already up to date.
[main 8757a3904] new data and log files (cluster - automated)
 5 files changed, 87 insertions(+), 83 deletions(-)
Already up to date.
Already up to date.
[main c612ba238] new data and log files (cluster - automated)
 106 files changed, 101 insertions(+), 97 deletions(-)
Already up to date.
Already up to date.
[main 56357abe2] new data and log files (cluster - automated)
 68 files changed, 89 insertions(+), 85 deletions(-)
Already up to date.
Already up to date.
[main b90d612ce] new data and log files (cluster - automated)
 5 files changed, 87 insertions(+), 83 deletions(-)
Already up to date.
Already up to date.
[main 1c6f90304] new data and log files (cluster - automated)
 5 files changed, 87 insertions(+), 83 deletions(-)
Already up to date.
Already up to date.
[main 3f35fb99e] new data and log files (cluster - automated)
 5 files changed, 87 insertions(+), 83 deletions(-)
Already up to date.
Already up to date.
[main 1fbf40b48] new data and log files (cluster - automated)
 5 files changed, 87 insertions(+), 83 deletions(-)
Already up to date.
Already up to date.
[main 45b503d71] new data and log files (cluster - automated)
 96 files changed, 101 insertions(+), 97 deletions(-)
Already up to date.
Already up to date.
[main fe0f87707] new data and log files (cluster - automated)
 93 files changed, 88 insertions(+), 84 deletions(-)
Already up to date.
Already up to date.
[main ac0b58bfb] new data and log files (cluster - automated)
 5 files changed, 87 insertions(+), 83 deletions(-)
Already up to date.
Already up to date.
[main 834112d80] new data and log files (cluster - automated)
 5 files changed, 87 insertions(+), 83 deletions(-)
Already up to date.
Already up to date.
[main 55e9e48de] new data and log files (cluster - automated)
 5 files changed, 87 insertions(+), 83 deletions(-)
Already up to date.
Already up to date.
[main 32a639927] new data and log files (cluster - automated)
 5 files changed, 87 insertions(+), 83 deletions(-)
Already up to date.
Already up to date.
[main cc802f3ec] new data and log files (cluster - automated)
 106 files changed, 102 insertions(+), 98 deletions(-)
Already up to date.
Already up to date.
[main 1f398ec24] new data and log files (cluster - automated)
 5 files changed, 87 insertions(+), 83 deletions(-)
Already up to date.
Already up to date.
[main f49b90bb4] new data and log files (cluster - automated)
 5 files changed, 87 insertions(+), 83 deletions(-)
Already up to date.
Already up to date.
[main 4c85651c8] new data and log files (cluster - automated)
 5 files changed, 692 insertions(+), 721 deletions(-)
 create mode 100644 index.rmarkdown
Already up to date.
Already up to date.
[main bf9dcc099] new data and log files (cluster - automated)
 6 files changed, 806 insertions(+), 768 deletions(-)
 delete mode 100644 index.rmarkdown
Already up to date.
Already up to date.
[main f4e6c3ccc] new data and log files (cluster - automated)
 5 files changed, 87 insertions(+), 83 deletions(-)
Already up to date.
Already up to date.
[main 06dfdafe6] new data and log files (cluster - automated)
 106 files changed, 102 insertions(+), 108 deletions(-)
Already up to date.
Already up to date.
[main 9a080316d] new data and log files (cluster - automated)
 5 files changed, 87 insertions(+), 83 deletions(-)
Already up to date.
Already up to date.
[main c84a3229b] new data and log files (cluster - automated)
 5 files changed, 87 insertions(+), 83 deletions(-)
Already up to date.
Already up to date.
[main 9252386b5] new data and log files (cluster - automated)
 5 files changed, 87 insertions(+), 83 deletions(-)
Already up to date.
Already up to date.
[main 3e7525fb8] new data and log files (cluster - automated)
 5 files changed, 87 insertions(+), 83 deletions(-)
Already up to date.
Already up to date.
[main 05a292b76] new data and log files (cluster - automated)
 5 files changed, 87 insertions(+), 83 deletions(-)
Already up to date.
Already up to date.
[main 93a52609f] new data and log files (cluster - automated)
 106 files changed, 110 insertions(+), 96 deletions(-)
Already up to date.
Already up to date.
[main 068c33867] new data and log files (cluster - automated)
 22 files changed, 88 insertions(+), 84 deletions(-)
Already up to date.
Already up to date.
[main 4aef4aa73] new data and log files (cluster - automated)
 5 files changed, 87 insertions(+), 83 deletions(-)
Already up to date.
Already up to date.
[main 8a601843d] new data and log files (cluster - automated)
 5 files changed, 87 insertions(+), 83 deletions(-)
Already up to date.
Already up to date.
[main e5d129122] new data and log files (cluster - automated)
 5 files changed, 87 insertions(+), 83 deletions(-)
Already up to date.
Already up to date.
[main 0c64b52bc] new data and log files (cluster - automated)
 5 files changed, 87 insertions(+), 83 deletions(-)
Already up to date.
Already up to date.
[main 52b98beef] new data and log files (cluster - automated)
 96 files changed, 103 insertions(+), 99 deletions(-)
Already up to date.
Already up to date.
[main 95fe48058] new data and log files (cluster - automated)
 5 files changed, 87 insertions(+), 83 deletions(-)
Already up to date.
Already up to date.
[main ed032dcef] new data and log files (cluster - automated)
 5 files changed, 87 insertions(+), 83 deletions(-)
Already up to date.
Already up to date.
[main a05202964] new data and log files (cluster - automated)
 5 files changed, 87 insertions(+), 83 deletions(-)
Already up to date.
Already up to date.
[main cd19aed5a] new data and log files (cluster - automated)
 5 files changed, 87 insertions(+), 83 deletions(-)
Already up to date.
Already up to date.
[main 539f56bcc] new data and log files (cluster - automated)
 5 files changed, 87 insertions(+), 83 deletions(-)
Already up to date.
Already up to date.
[main 3d91bb954] new data and log files (cluster - automated)
 101 files changed, 101 insertions(+), 97 deletions(-)
Already up to date.
Already up to date.
[main 5433da948] new data and log files (cluster - automated)
 5 files changed, 87 insertions(+), 83 deletions(-)
Already up to date.
Already up to date.
[main 7c53cf1b4] new data and log files (cluster - automated)
 5 files changed, 87 insertions(+), 83 deletions(-)
Already up to date.
Already up to date.
[main 573d4491b] new data and log files (cluster - automated)
 5 files changed, 87 insertions(+), 83 deletions(-)
Already up to date.
Already up to date.
[main 56d44fee8] new data and log files (cluster - automated)
 5 files changed, 87 insertions(+), 83 deletions(-)
Already up to date.
Already up to date.
[main 0df06d94c] new data and log files (cluster - automated)
 5 files changed, 87 insertions(+), 83 deletions(-)
Already up to date.
Already up to date.
[main 3d6582940] new data and log files (cluster - automated)
 106 files changed, 101 insertions(+), 97 deletions(-)
Already up to date.
Already up to date.
[main 8f3e809e6] new data and log files (cluster - automated)
 5 files changed, 87 insertions(+), 83 deletions(-)
Already up to date.
Already up to date.
[main cd046234c] new data and log files (cluster - automated)
 82 files changed, 89 insertions(+), 85 deletions(-)
Already up to date.
Already up to date.
[main 8d21dc4a5] new data and log files (cluster - automated)
 5 files changed, 87 insertions(+), 83 deletions(-)
Already up to date.
Already up to date.
[main fff365b64] new data and log files (cluster - automated)
 5 files changed, 87 insertions(+), 83 deletions(-)
Already up to date.
Already up to date.
[main af2d5b3dc] new data and log files (cluster - automated)
 5 files changed, 87 insertions(+), 83 deletions(-)
Already up to date.
Already up to date.
[main 1315ebf31] new data and log files (cluster - automated)
 106 files changed, 102 insertions(+), 98 deletions(-)
Already up to date.
Already up to date.
[main 63ef0a0ea] new data and log files (cluster - automated)
 5 files changed, 87 insertions(+), 83 deletions(-)
Already up to date.
Already up to date.
[main 3f6deca4b] new data and log files (cluster - automated)
 5 files changed, 87 insertions(+), 83 deletions(-)
Already up to date.
Already up to date.
[main e3677dfcd] new data and log files (cluster - automated)
 5 files changed, 87 insertions(+), 83 deletions(-)
Already up to date.
Already up to date.
[main 9a8f38cbe] new data and log files (cluster - automated)
 5 files changed, 87 insertions(+), 83 deletions(-)
Already up to date.
Already up to date.
[main 6e33b8583] new data and log files (cluster - automated)
 5 files changed, 87 insertions(+), 83 deletions(-)
Already up to date.
Already up to date.
[main 6d4e92ccf] new data and log files (cluster - automated)
 106 files changed, 99 insertions(+), 95 deletions(-)
Already up to date.
Already up to date.
[main 60c9c839d] new data and log files (cluster - automated)
 5 files changed, 87 insertions(+), 83 deletions(-)
Already up to date.
Already up to date.
[main 65ba14acf] new data and log files (cluster - automated)
 5 files changed, 87 insertions(+), 83 deletions(-)
Already up to date.
Already up to date.
[main da2e438b3] new data and log files (cluster - automated)
 5 files changed, 87 insertions(+), 83 deletions(-)
Already up to date.
Already up to date.
[main a44e52c26] new data and log files (cluster - automated)
 85 files changed, 89 insertions(+), 85 deletions(-)
Already up to date.
Already up to date.
[main 486db4d41] new data and log files (cluster - automated)
 5 files changed, 87 insertions(+), 83 deletions(-)
Already up to date.
Already up to date.
[main 7a4128f29] new data and log files (cluster - automated)
 106 files changed, 98 insertions(+), 94 deletions(-)
Already up to date.
Already up to date.
[main 69d6b2f81] new data and log files (cluster - automated)
 5 files changed, 87 insertions(+), 83 deletions(-)
Already up to date.
Already up to date.
[main b76025b91] new data and log files (cluster - automated)
 5 files changed, 87 insertions(+), 83 deletions(-)
Already up to date.
Already up to date.
[main b44c4a470] new data and log files (cluster - automated)
 5 files changed, 87 insertions(+), 83 deletions(-)
Already up to date.
Already up to date.
[main 9b9298acf] new data and log files (cluster - automated)
 78 files changed, 89 insertions(+), 85 deletions(-)
Already up to date.
Already up to date.
[main db82d7e1d] new data and log files (cluster - automated)
 5 files changed, 87 insertions(+), 83 deletions(-)
Already up to date.
Already up to date.
[main 992ccd93f] new data and log files (cluster - automated)
 96 files changed, 99 insertions(+), 95 deletions(-)
Already up to date.
Already up to date.
[main 754e752fa] new data and log files (cluster - automated)
 5 files changed, 87 insertions(+), 83 deletions(-)
Already up to date.
Already up to date.
[main 011c1b7cc] new data and log files (cluster - automated)
 5 files changed, 87 insertions(+), 83 deletions(-)
Already up to date.
Already up to date.
[main 05ef5607c] new data and log files (cluster - automated)
 5 files changed, 87 insertions(+), 83 deletions(-)
Already up to date.
Already up to date.
[main c3b735d43] new data and log files (cluster - automated)
 5 files changed, 87 insertions(+), 83 deletions(-)
Already up to date.
Already up to date.
[main ac233f9b3] new data and log files (cluster - automated)
 76 files changed, 89 insertions(+), 85 deletions(-)
Already up to date.
Already up to date.
[main 9ad7216c2] new data and log files (cluster - automated)
 106 files changed, 100 insertions(+), 96 deletions(-)
Already up to date.
Already up to date.
[main 94cdc5d25] new data and log files (cluster - automated)
 5 files changed, 87 insertions(+), 83 deletions(-)
Already up to date.
Already up to date.
[main 3b03bdb1f] new data and log files (cluster - automated)
 5 files changed, 87 insertions(+), 83 deletions(-)
Already up to date.
Already up to date.
[main 383bcfcc8] new data and log files (cluster - automated)
 66 files changed, 88 insertions(+), 84 deletions(-)
Already up to date.
Already up to date.
[main 86b0350bd] new data and log files (cluster - automated)
 5 files changed, 87 insertions(+), 83 deletions(-)
Already up to date.
Already up to date.
[main 0ecb43d23] new data and log files (cluster - automated)
 5 files changed, 87 insertions(+), 83 deletions(-)
Already up to date.
Already up to date.
[main 2796e60de] new data and log files (cluster - automated)
 106 files changed, 100 insertions(+), 96 deletions(-)
Already up to date.
Already up to date.
[main 19a506e07] new data and log files (cluster - automated)
 5 files changed, 87 insertions(+), 83 deletions(-)
Already up to date.
Already up to date.
[main 67898709c] new data and log files (cluster - automated)
 5 files changed, 87 insertions(+), 83 deletions(-)
Already up to date.
Already up to date.
[main dfa525417] new data and log files (cluster - automated)
 5 files changed, 87 insertions(+), 83 deletions(-)
Already up to date.
Already up to date.
[main dad2ee63b] new data and log files (cluster - automated)
 5 files changed, 87 insertions(+), 83 deletions(-)
Already up to date.
Already up to date.
[main a1b57e2f2] new data and log files (cluster - automated)
 5 files changed, 87 insertions(+), 83 deletions(-)
Already up to date.
Already up to date.
[main 92aefc593] new data and log files (cluster - automated)
 101 files changed, 101 insertions(+), 107 deletions(-)
Already up to date.
Already up to date.
[main 8402b9507] new data and log files (cluster - automated)
 5 files changed, 87 insertions(+), 83 deletions(-)
Already up to date.
Already up to date.
[main 34614409e] new data and log files (cluster - automated)
 5 files changed, 87 insertions(+), 83 deletions(-)
Already up to date.
Already up to date.
[main 5c0ecd379] new data and log files (cluster - automated)
 5 files changed, 87 insertions(+), 83 deletions(-)
Already up to date.
Already up to date.
[main 25c4ac50f] new data and log files (cluster - automated)
 5 files changed, 87 insertions(+), 83 deletions(-)
Already up to date.
Already up to date.
[main 792e35ef3] new data and log files (cluster - automated)
 5 files changed, 87 insertions(+), 83 deletions(-)
Already up to date.
Already up to date.
[main 6b0a67030] new data and log files (cluster - automated)
 106 files changed, 112 insertions(+), 98 deletions(-)
Already up to date.
Already up to date.
[main ede936964] new data and log files (cluster - automated)
 5 files changed, 87 insertions(+), 83 deletions(-)
Already up to date.
Already up to date.
[main 0359d9330] new data and log files (cluster - automated)
 5 files changed, 87 insertions(+), 83 deletions(-)
Already up to date.
Already up to date.
[main 751b8f2fd] new data and log files (cluster - automated)
 5 files changed, 87 insertions(+), 83 deletions(-)
Already up to date.
Already up to date.
[main b2664731f] new data and log files (cluster - automated)
 5 files changed, 87 insertions(+), 83 deletions(-)
Already up to date.
Already up to date.
[main 0ffa44e79] new data and log files (cluster - automated)
 66 files changed, 88 insertions(+), 84 deletions(-)
Already up to date.
Already up to date.
[main aaa9859de] new data and log files (cluster - automated)
 106 files changed, 100 insertions(+), 96 deletions(-)
Already up to date.
Already up to date.
[main 5f65def68] new data and log files (cluster - automated)
 5 files changed, 87 insertions(+), 83 deletions(-)
Already up to date.
Already up to date.
[main 6090a89a4] new data and log files (cluster - automated)
 5 files changed, 87 insertions(+), 83 deletions(-)
Already up to date.
Already up to date.
[main b9c61b3e2] new data and log files (cluster - automated)
 5 files changed, 87 insertions(+), 83 deletions(-)
Already up to date.
Already up to date.
[main 0c0129862] new data and log files (cluster - automated)
 5 files changed, 87 insertions(+), 83 deletions(-)
Already up to date.
Already up to date.
[main bdafb1148] new data and log files (cluster - automated)
 5 files changed, 87 insertions(+), 83 deletions(-)
Already up to date.
Already up to date.
[main 5b80b3dd7] new data and log files (cluster - automated)
 106 files changed, 99 insertions(+), 95 deletions(-)
Already up to date.
Already up to date.
[main 92fca240d] new data and log files (cluster - automated)
 5 files changed, 87 insertions(+), 83 deletions(-)
Already up to date.
Already up to date.
[main e8991fd40] new data and log files (cluster - automated)
 5 files changed, 87 insertions(+), 83 deletions(-)
Already up to date.
Already up to date.
[main 283aca897] new data and log files (cluster - automated)
 5 files changed, 87 insertions(+), 83 deletions(-)
Already up to date.
Already up to date.
[main a8bfbbe85] new data and log files (cluster - automated)
 5 files changed, 87 insertions(+), 83 deletions(-)
Already up to date.
Already up to date.
[main 46ea6ae63] new data and log files (cluster - automated)
 5 files changed, 87 insertions(+), 83 deletions(-)
Already up to date.
Already up to date.
[main 39799509c] new data and log files (cluster - automated)
 96 files changed, 100 insertions(+), 96 deletions(-)
Already up to date.
Already up to date.
[main 740d8c26b] new data and log files (cluster - automated)
 5 files changed, 87 insertions(+), 83 deletions(-)
Already up to date.
Already up to date.
[main a152325e1] new data and log files (cluster - automated)
 5 files changed, 87 insertions(+), 83 deletions(-)
Already up to date.
Already up to date.
[main 9242ac533] new data and log files (cluster - automated)
 5 files changed, 87 insertions(+), 83 deletions(-)
Already up to date.
Already up to date.
[main 2e2cf4157] new data and log files (cluster - automated)
 5 files changed, 87 insertions(+), 83 deletions(-)
Already up to date.
Already up to date.
[main 3eeafc1ac] new data and log files (cluster - automated)
 5 files changed, 87 insertions(+), 83 deletions(-)
Already up to date.
Already up to date.
[main 73b9c0ca1] new data and log files (cluster - automated)
 106 files changed, 101 insertions(+), 97 deletions(-)
Already up to date.
Already up to date.
[main d975fcdb0] new data and log files (cluster - automated)
 66 files changed, 90 insertions(+), 86 deletions(-)
Already up to date.
Already up to date.
[main 131eeb819] new data and log files (cluster - automated)
 5 files changed, 87 insertions(+), 83 deletions(-)
Already up to date.
Already up to date.
[main 0cd74265c] new data and log files (cluster - automated)
 5 files changed, 87 insertions(+), 83 deletions(-)
Already up to date.
Already up to date.
[main b6f286ad2] new data and log files (cluster - automated)
 5 files changed, 87 insertions(+), 83 deletions(-)
Already up to date.
Already up to date.
[main 2cd663280] new data and log files (cluster - automated)
 5 files changed, 87 insertions(+), 83 deletions(-)
Already up to date.
Already up to date.
[main b426bfc0f] new data and log files (cluster - automated)
 106 files changed, 99 insertions(+), 95 deletions(-)
Already up to date.
Already up to date.
[main 669fac564] new data and log files (cluster - automated)
 5 files changed, 87 insertions(+), 83 deletions(-)
Already up to date.
Already up to date.
[main 7b2c04943] new data and log files (cluster - automated)
 5 files changed, 87 insertions(+), 83 deletions(-)
Already up to date.
Already up to date.
[main 7d6eae381] new data and log files (cluster - automated)
 5 files changed, 87 insertions(+), 83 deletions(-)
Already up to date.
Already up to date.
[main 19ef146fc] new data and log files (cluster - automated)
 5 files changed, 87 insertions(+), 83 deletions(-)
Already up to date.
Already up to date.
[main 2d109c4b5] new data and log files (cluster - automated)
 5 files changed, 87 insertions(+), 83 deletions(-)
Already up to date.
Already up to date.
[main 4a00b4b19] new data and log files (cluster - automated)
 106 files changed, 98 insertions(+), 94 deletions(-)
Already up to date.
Already up to date.
[main 2f0223c9c] new data and log files (cluster - automated)
 5 files changed, 87 insertions(+), 83 deletions(-)
Already up to date.
Already up to date.
[main 05341d358] new data and log files (cluster - automated)
 5 files changed, 87 insertions(+), 83 deletions(-)
Already up to date.
Already up to date.
[main 4f524aa84] new data and log files (cluster - automated)
 5 files changed, 87 insertions(+), 83 deletions(-)
Already up to date.
Already up to date.
[main 8a3d20fb1] new data and log files (cluster - automated)
 5 files changed, 87 insertions(+), 83 deletions(-)
Already up to date.
Already up to date.
[main 66681daac] new data and log files (cluster - automated)
 5 files changed, 87 insertions(+), 83 deletions(-)
Already up to date.
Already up to date.
[main bd33952e4] new data and log files (cluster - automated)
 106 files changed, 97 insertions(+), 93 deletions(-)
Already up to date.
Already up to date.
[main d05c2dc02] new data and log files (cluster - automated)
 5 files changed, 87 insertions(+), 83 deletions(-)
Already up to date.
Already up to date.
[main 470fd4a58] new data and log files (cluster - automated)
 5 files changed, 87 insertions(+), 83 deletions(-)
Already up to date.
Already up to date.
[main 37bb1f2c9] new data and log files (cluster - automated)
 5 files changed, 87 insertions(+), 83 deletions(-)
Already up to date.
Already up to date.
[main c6ebe1b59] new data and log files (cluster - automated)
 5 files changed, 87 insertions(+), 83 deletions(-)
Already up to date.
Already up to date.
[main 2edfa558c] new data and log files (cluster - automated)
 5 files changed, 87 insertions(+), 83 deletions(-)
Already up to date.
Already up to date.
[main a71df43da] new data and log files (cluster - automated)
 101 files changed, 99 insertions(+), 95 deletions(-)
Already up to date.
Already up to date.
[main dfa1a5219] new data and log files (cluster - automated)
 5 files changed, 87 insertions(+), 83 deletions(-)
Already up to date.
Already up to date.
[main 888e7ee24] new data and log files (cluster - automated)
 5 files changed, 87 insertions(+), 83 deletions(-)
Already up to date.
Already up to date.
[main de4c98878] new data and log files (cluster - automated)
 5 files changed, 87 insertions(+), 83 deletions(-)
Already up to date.
Already up to date.
[main 5dafe756d] new data and log files (cluster - automated)
 5 files changed, 87 insertions(+), 83 deletions(-)
Already up to date.
Already up to date.
[main 4e9272799] new data and log files (cluster - automated)
 5 files changed, 87 insertions(+), 83 deletions(-)
Already up to date.
Already up to date.
[main b5bf854ad] new data and log files (cluster - automated)
 86 files changed, 100 insertions(+), 96 deletions(-)
Already up to date.
Already up to date.
[main d39bec1de] new data and log files (cluster - automated)
 5 files changed, 691 insertions(+), 725 deletions(-)
 create mode 100644 index.rmarkdown
Already up to date.
Already up to date.
[main 78cc9809f] new data and log files (cluster - automated)
 107 files changed, 811 insertions(+), 785 deletions(-)
 delete mode 100644 index.rmarkdown
Already up to date.
Already up to date.
[main 13a0d29c5] new data and log files (cluster - automated)
 5 files changed, 87 insertions(+), 83 deletions(-)
Already up to date.
Already up to date.
[main 37dc90c9a] new data and log files (cluster - automated)
 5 files changed, 87 insertions(+), 83 deletions(-)
Already up to date.
Already up to date.
[main 370533f86] new data and log files (cluster - automated)
 5 files changed, 87 insertions(+), 83 deletions(-)
Already up to date.
Already up to date.
[main e0e0264be] new data and log files (cluster - automated)
 106 files changed, 101 insertions(+), 99 deletions(-)
Already up to date.
Already up to date.
[main 7fe4116a4] new data and log files (cluster - automated)
 5 files changed, 87 insertions(+), 83 deletions(-)
Already up to date.
Already up to date.
[main 060df7231] new data and log files (cluster - automated)
 5 files changed, 87 insertions(+), 83 deletions(-)
Already up to date.
Already up to date.
[main 349fae2ee] new data and log files (cluster - automated)
 5 files changed, 87 insertions(+), 83 deletions(-)
Already up to date.
Already up to date.
[main cf05b2914] new data and log files (cluster - automated)
 5 files changed, 87 insertions(+), 83 deletions(-)
Already up to date.
Already up to date.
[main 1c20bd9c4] new data and log files (cluster - automated)
 5 files changed, 87 insertions(+), 83 deletions(-)
Already up to date.
Already up to date.
[main 10a09ede7] new data and log files (cluster - automated)
 102 files changed, 111 insertions(+), 89 deletions(-)
Already up to date.
Already up to date.
[main 08fcfb17b] new data and log files (cluster - automated)
 26 files changed, 88 insertions(+), 84 deletions(-)
Already up to date.
Already up to date.
[main 49310cfb3] new data and log files (cluster - automated)
 5 files changed, 87 insertions(+), 83 deletions(-)
Already up to date.
Already up to date.
[main cc38414eb] new data and log files (cluster - automated)
 5 files changed, 87 insertions(+), 83 deletions(-)
Already up to date.
Already up to date.
[main db7968509] new data and log files (cluster - automated)
 5 files changed, 87 insertions(+), 83 deletions(-)
Already up to date.
Already up to date.
[main fcbde13a9] new data and log files (cluster - automated)
 5 files changed, 87 insertions(+), 83 deletions(-)
Already up to date.
Already up to date.
[main b94f97ab0] new data and log files (cluster - automated)
 106 files changed, 101 insertions(+), 97 deletions(-)
Already up to date.
Already up to date.
[main 81faab637] new data and log files (cluster - automated)
 26 files changed, 88 insertions(+), 84 deletions(-)
Already up to date.
Already up to date.
[main 9ac5f823d] new data and log files (cluster - automated)
 5 files changed, 87 insertions(+), 83 deletions(-)
Already up to date.
Already up to date.
[main d7184be54] new data and log files (cluster - automated)
 5 files changed, 87 insertions(+), 83 deletions(-)
Already up to date.
Already up to date.
[main 043405fbd] new data and log files (cluster - automated)
 5 files changed, 87 insertions(+), 83 deletions(-)
Already up to date.
Already up to date.
[main 2bc3b0019] new data and log files (cluster - automated)
 85 files changed, 89 insertions(+), 85 deletions(-)
Already up to date.
Already up to date.
[main 8f8ef05f3] new data and log files (cluster - automated)
 106 files changed, 101 insertions(+), 97 deletions(-)
Already up to date.
Already up to date.
[main 40e17454b] new data and log files (cluster - automated)
 26 files changed, 88 insertions(+), 84 deletions(-)
Already up to date.
Already up to date.
[main 1f5266a86] new data and log files (cluster - automated)
 5 files changed, 87 insertions(+), 83 deletions(-)
Already up to date.
Already up to date.
[main f3ccca2f1] new data and log files (cluster - automated)
 5 files changed, 87 insertions(+), 83 deletions(-)
Already up to date.
Already up to date.
[main 82e17a726] new data and log files (cluster - automated)
 5 files changed, 87 insertions(+), 83 deletions(-)
Already up to date.
Already up to date.
[main 0c70e86f9] new data and log files (cluster - automated)
 5 files changed, 87 insertions(+), 83 deletions(-)
Already up to date.
Already up to date.
[main b7bebc037] new data and log files (cluster - automated)
 106 files changed, 101 insertions(+), 97 deletions(-)
Already up to date.
Already up to date.
[main 61585baf8] new data and log files (cluster - automated)
 26 files changed, 88 insertions(+), 84 deletions(-)
Already up to date.
Already up to date.
